timestamp,open,high,low,close,volume
2019-01-01,99.839101,100.873286,98.364199,98.665618,1192420
2019-01-02,98.579385,98.651096,98.171488,98.240416,1243130
2019-01-03,97.82621,100.200929,97.758175,99.887721,1136229
2019-01-04,100.106685,100.850497,100.102729,100.533592,1175035
2019-01-07,100.215272,100.725085,99.27793,99.463732,1006937
2019-01-08,99.499119,99.951983,98.762135,99.310633,686325
2019-01-09,99.44006,100.174493,99.160551,100.035248,851685
2019-01-10,100.410424,100.469398,99.183357,99.792705,1180872
2019-01-11,99.778167,99.881727,99.271921,99.634904,1179862
2019-01-14,99.49865,99.654762,98.557873,98.659364,1428406
2019-01-15,98.482197,99.326924,98.061012,99.283093,657697
2019-01-16,99.557439,100.190835,99.149768,99.788654,1045948
2019-01-17,99.691981,100.443004,98.319464,99.003187,1128858
2019-01-18,99.018765,99.753718,96.787545,97.335041,1473430
2019-01-21,97.543111,99.714943,96.461237,99.182486,1722331
2019-01-22,99.544228,99.814033,97.618411,98.286605,638579
2019-01-23,98.605846,99.065574,98.097793,98.794584,1109944
2019-01-24,98.404912,98.781659,97.599776,97.969449,879588
2019-01-25,97.670107,97.995299,97.220197,97.44551,766340
2019-01-28,97.543311,98.872718,96.74282,98.372106,1058348
2019-01-29,98.530864,98.768022,97.641273,97.961306,1540451
2019-01-30,98.036742,98.931589,97.74998,98.712326,667086
2019-01-31,99.07449,99.441036,99.000672,99.31429,976626
2019-02-01,99.744162,99.923596,98.770246,98.77715,1208215
2019-02-04,98.756188,99.602152,98.617555,99.12901,712967
2019-02-05,99.179048,100.922593,98.649108,99.777947,1105672
2019-02-06,100.082934,101.277596,99.396724,100.809794,713968
2019-02-07,101.055787,101.218695,100.172583,100.426177,998204
2019-02-08,100.143845,101.468185,99.528128,100.506316,923253
2019-02-11,100.14193,100.621931,99.482749,99.665449,1433633
2019-02-12,99.173362,100.612414,98.884515,100.509509,1197897
2019-02-13,100.505042,101.107056,100.037909,100.489963,835802
2019-02-14,100.322579,100.649442,99.22539,99.315128,906970
2019-02-15,99.124688,99.562909,98.978691,99.196801,683203
2019-02-18,98.769065,99.315541,98.642528,99.131155,1170863
2019-02-19,99.113967,99.117205,97.631884,98.637868,481234
2019-02-20,98.219584,98.283202,97.374026,98.096363,1287768
2019-02-21,97.773235,97.96626,96.388505,96.768885,700043
2019-02-22,96.66919,97.328054,96.580931,97.07337,746585
2019-02-25,97.195604,98.093104,96.449758,96.680862,1024672
2019-02-26,96.685966,97.729679,96.081472,97.560784,875738
2019-02-27,97.743674,97.822461,97.189906,97.36082,708118
2019-02-28,97.338631,98.811619,97.002015,98.149533,896486
2019-03-01,98.029823,98.130512,96.853844,97.011301,1490670
2019-03-04,96.918859,98.041902,96.441584,97.535502,830196
2019-03-05,97.287657,98.514188,97.071844,98.119682,576317
2019-03-06,98.122602,98.855633,97.906936,98.713147,1475405
2019-03-07,99.030941,99.235486,98.14792,98.407884,676977
2019-03-08,98.603532,98.986558,97.63893,97.70298,809533
2019-03-11,97.892283,99.624712,97.839004,99.31275,1268171
2019-03-12,99.410375,99.505595,98.355871,98.92884,1010100
2019-03-13,98.985755,99.379587,97.613702,97.966167,1081043
2019-03-14,97.987587,98.037783,97.881068,97.958931,1005512
2019-03-15,97.663558,98.664189,96.665291,98.285143,806556
2019-03-18,97.976604,98.067635,97.496515,97.648001,1170292
2019-03-19,97.387974,98.182346,97.118571,98.142823,958507
2019-03-20,98.388879,99.602459,97.61524,98.90057,594499
2019-03-21,98.723317,98.97978,98.546187,98.789642,1090278
2019-03-22,98.954751,100.14796,98.785229,99.74929,873282
2019-03-25,99.430982,99.579433,98.974626,99.544895,1170390
2019-03-26,99.463555,99.924778,99.130517,99.202475,989970
2019-03-27,98.931087,101.254489,98.605519,100.719324,678514
2019-03-28,100.903218,101.179084,100.078926,101.107005,647271
2019-03-29,101.646932,101.86295,101.133701,101.196401,1168546
2019-04-01,100.847775,101.733018,98.887572,99.613425,775991
2019-04-02,99.775486,100.52166,95.796357,97.0755,1423567
2019-04-03,96.581275,96.96699,94.187594,94.192823,1822793
2019-04-04,94.5853,96.315178,93.154772,94.431604,2257783
2019-04-05,95.378459,95.942194,94.104285,94.231025,2295167
2019-04-08,93.924492,96.718684,92.31969,94.922843,1658344
2019-04-09,95.488767,96.817829,95.023716,96.659761,1821299
2019-04-10,96.585,97.175118,90.32296,93.43121,3453229
2019-04-11,93.017284,93.601652,91.338577,91.342519,1286770
2019-04-12,91.124102,91.885934,88.956234,89.906957,1448767
2019-04-15,90.536767,91.191127,89.735726,90.828861,1960459
2019-04-16,91.059994,91.34864,90.66392,91.101176,2424613
2019-04-17,91.057991,91.323668,88.355528,89.108403,1685748
2019-04-18,89.017672,89.452073,86.928746,88.07012,1863653
2019-04-19,87.742139,89.179404,86.787819,88.782959,2895871
2019-04-22,89.134731,90.050121,87.742395,88.689333,2173964
2019-04-23,89.853337,91.047709,88.333486,90.389937,2578688
2019-04-24,90.301659,90.384225,87.257692,88.593821,1132243
2019-04-25,88.04257,90.344323,87.336458,88.513514,1418771
2019-04-26,88.721804,89.285646,86.327995,86.707281,2378529
2019-04-29,86.992165,90.091418,86.604379,88.863277,3585473
2019-04-30,89.45002,90.974063,87.758805,90.235801,2671745
2019-05-01,89.580714,91.773648,88.240054,90.788242,3518109
2019-05-02,90.954313,93.68117,90.777536,92.355603,1864098
2019-05-03,91.885219,94.548521,91.84921,94.54685,2712653
2019-05-06,95.344066,98.223898,94.926101,96.848768,1517781
2019-05-07,97.298562,100.660575,95.626085,99.677566,1625974
2019-05-08,99.567361,101.030771,96.685445,97.757692,2050511
2019-05-09,97.043244,97.890208,95.631425,96.421173,2900572
2019-05-10,97.547366,99.274264,97.48283,99.009235,1742679
2019-05-13,98.924932,99.490175,97.32528,97.709382,2019221
2019-05-14,98.252869,100.030922,93.637553,94.472145,2760630
2019-05-15,93.382903,95.968091,91.72464,94.025141,1333805
2019-05-16,94.105498,97.359022,92.82454,95.926529,2917692
2019-05-17,96.384446,96.744988,94.282948,94.689457,2738793
2019-05-20,93.458232,96.803264,92.594218,96.238298,2072260
2019-05-21,96.402967,97.473889,95.580868,96.509363,3657099
2019-05-22,97.261554,97.985467,93.670937,93.871217,1486981
2019-05-23,93.040026,95.1054,91.938445,95.034189,2055727
2019-05-24,94.96334,95.556644,94.408054,94.807095,2653161
2019-05-27,94.610583,95.074904,93.71387,93.749922,2213721
2019-05-28,93.396158,93.406556,90.248147,91.225171,1402692
2019-05-29,90.882499,94.67149,90.589621,94.470519,1686174
2019-05-30,93.960493,94.032715,92.029949,92.231002,1300196
2019-05-31,91.80415,92.164247,88.118092,88.845394,2716956
2019-06-03,88.812236,90.838881,88.475202,90.761674,2831304
2019-06-04,90.80466,91.601782,89.526561,89.610832,1454342
2019-06-05,88.89041,94.315831,88.452161,91.841329,2396271
2019-06-06,91.508043,91.664914,88.650299,91.24619,1096056
2019-06-07,91.301168,91.676357,91.07207,91.240238,1310503
2019-06-10,91.901138,92.591975,91.581154,92.235853,1921974
2019-06-11,92.910368,93.754149,91.850747,92.229496,1741066
2019-06-12,92.213991,92.624923,91.522233,92.366793,1629730
2019-06-13,92.430582,94.397872,91.705212,94.272304,2003732
2019-06-14,93.471145,93.861642,92.185489,92.252112,1321398
2019-06-17,92.29392,94.24476,90.540025,93.505813,1414062
2019-06-18,92.448289,95.550939,90.890437,93.779432,2481095
2019-06-19,93.561582,94.016573,89.827887,90.746379,1261149
2019-06-20,90.033724,93.420876,89.073678,93.148367,4004372
2019-06-21,92.721745,94.599029,91.304996,94.137113,1561750
2019-06-24,94.213666,97.273499,93.987962,96.819792,1752270
2019-06-25,96.938561,97.62554,94.927334,95.518126,1927568
2019-06-26,96.240278,96.970985,93.45289,93.590093,2402076
2019-06-27,93.711769,99.912748,93.468245,99.681434,1518308
2019-06-28,99.372808,100.142051,95.934079,96.709479,1166796
2019-07-01,97.077449,97.408565,95.175742,95.57153,1653986
2019-07-02,94.614661,96.981057,93.549409,96.72948,2633761
2019-07-03,97.703726,98.353851,94.458679,95.665367,1816093
2019-07-04,94.440843,96.808819,94.333172,96.541331,2001309
2019-07-05,96.919366,97.288343,93.052387,93.849371,2163444
2019-07-08,94.149817,94.608366,90.990718,91.07154,2064817
2019-07-09,90.748674,91.110228,89.678373,90.434519,1755032
2019-07-10,90.187201,92.478905,88.620786,91.680883,2862216
2019-07-11,90.8601,92.774872,90.195526,91.370057,1539695
2019-07-12,91.422542,94.058416,91.047064,93.539238,2233988
2019-07-15,93.834702,95.187811,91.856507,92.663498,1587050
2019-07-16,92.356579,93.447185,91.750108,93.076193,1959600
2019-07-17,93.306287,95.62205,90.693826,91.29577,3356764
2019-07-18,91.662484,92.716845,88.82997,88.891383,2620667
2019-07-19,88.477633,88.640457,86.36915,87.071355,2217683
2019-07-22,87.508149,89.571322,85.26771,85.920297,1871764
2019-07-23,86.148563,90.771968,85.325465,89.440046,3303749
2019-07-24,89.472023,89.894476,85.33151,86.61012,2523080
2019-07-25,87.001332,87.009132,85.028899,85.465216,2046756
2019-07-26,85.617838,88.39987,85.438949,87.927067,1531951
2019-07-29,87.541335,88.02444,84.91128,86.347973,1461714
2019-07-30,86.010662,88.94301,85.452269,87.536049,2228880
2019-07-31,87.646366,88.260554,82.708512,83.449476,1846430
2019-08-01,83.993949,84.595559,80.791383,82.392795,2276673
2019-08-02,82.474477,84.513309,82.45079,83.331457,1632662
2019-08-05,83.130242,84.138227,79.133835,80.384235,1712533
2019-08-06,80.397843,81.572205,79.16374,81.048375,2144972
2019-08-07,80.477368,81.916318,79.498839,80.945442,2490950
2019-08-08,81.491408,82.347811,79.219024,80.006951,1651550
2019-08-09,80.674904,81.274746,79.474928,79.654511,1995143
2019-08-12,80.440288,81.154008,79.79194,80.766848,2084250
2019-08-13,81.185815,81.479903,78.780624,80.455687,1719167
2019-08-14,80.124926,82.347938,80.037422,82.022465,2097518
2019-08-15,81.949634,83.338857,81.602461,82.995479,3638822
2019-08-16,82.790239,85.489129,82.707003,85.34414,4002786
2019-08-19,85.551398,86.350126,83.519759,84.214075,1097007
2019-08-20,84.878224,85.030232,83.933234,84.600559,2088370
2019-08-21,83.368673,83.401759,81.565792,82.732697,1919447
2019-08-22,82.922384,84.263735,82.538076,83.96792,2934661
2019-08-23,84.080446,84.538863,81.984155,82.546404,2064824
2019-08-26,82.671899,84.359737,81.702854,83.707898,1656163
2019-08-27,84.026237,84.362427,82.755413,83.008501,2944150
2019-08-28,82.569949,83.276781,81.7374,82.767296,2466778
2019-08-29,83.217114,83.983209,81.079664,83.114585,1260683
2019-08-30,83.260786,84.047225,80.750785,81.787381,1443797
2019-09-02,81.676936,82.489939,79.12548,80.843123,2575114
2019-09-03,80.841102,81.353063,79.024368,79.928085,1980789
2019-09-04,79.712685,80.880836,79.098629,79.147262,1452004
2019-09-05,79.178124,80.206472,78.882879,80.177346,2136703
2019-09-06,80.442806,81.889278,79.197916,79.341233,3352693
2019-09-09,78.730843,80.117723,78.490247,78.499945,2062990
2019-09-10,78.328518,80.487114,77.612626,79.840626,2014429
2019-09-11,79.608798,81.211197,79.011249,80.659444,3406390
2019-09-12,80.630946,81.975769,79.836402,80.210999,2002332
2019-09-13,80.06492,84.360656,79.769752,84.204822,3161917
2019-09-16,83.320188,83.479173,80.891049,81.802168,2044291
2019-09-17,82.014416,85.0706,81.802372,84.729571,1954394
2019-09-18,85.315348,85.834537,83.778198,84.633466,1587683
2019-09-19,84.27199,86.653483,83.421948,86.262001,1277571
2019-09-20,86.332298,87.220685,83.691956,85.420551,2025539
2019-09-23,85.060342,88.330187,84.469964,87.457177,2202322
2019-09-24,87.546653,87.877996,84.684703,85.380299,1475923
2019-09-25,85.260074,87.492699,84.876109,86.963956,1712368
2019-09-26,87.515238,88.299454,86.783292,87.083451,1878404
2019-09-27,86.785147,89.31558,84.99556,88.542654,1217238
2019-09-30,88.865765,88.8818,86.688532,87.393388,1691884
2019-10-01,87.010724,89.019982,86.991212,88.211691,1121312
2019-10-02,87.919154,90.581683,85.612582,86.648164,1750079
2019-10-03,86.691536,87.526637,84.995117,86.181883,1995450
2019-10-04,85.34345,86.172803,85.214016,85.745397,2812351
2019-10-07,85.286207,85.864047,84.322216,84.705491,1140164
2019-10-08,85.108141,85.692366,83.010606,83.958598,1491724
2019-10-09,83.607151,85.011171,81.688938,81.9808,2468387
2019-10-10,81.319882,82.596825,80.579493,81.990865,2356676
2019-10-11,81.286723,85.087142,79.794792,84.291502,1809503
2019-10-14,84.318309,88.764291,83.81591,88.704607,3502895
2019-10-15,88.397911,90.065175,86.276369,86.49944,1702683
2019-10-16,86.510208,87.081665,85.312584,85.45391,2602277
2019-10-17,84.038603,86.150949,83.182293,86.097318,2622068
2019-10-18,85.674141,87.41215,84.967414,86.773832,1196595
2019-10-21,86.356195,86.480331,83.887247,84.407495,2321945
2019-10-22,84.764555,87.117298,80.888756,80.908295,2246289
2019-10-23,81.310456,82.306108,80.636592,81.767815,1382883
2019-10-24,82.066063,84.591969,80.838696,83.747541,3311611
2019-10-25,82.737851,85.874678,81.093225,85.748877,1883514
2019-10-28,86.154736,86.326737,84.836579,85.355758,3369277
2019-10-29,85.939237,88.560629,85.134829,87.719022,1302059
2019-10-30,87.280631,88.106524,86.665337,86.991919,1611986
2019-10-31,87.108653,87.475584,84.562304,84.653271,2395858
2019-11-01,84.839969,85.675846,84.337514,84.701421,1777168
2019-11-04,84.46792,86.617514,83.649579,86.370141,2884604
2019-11-05,86.409364,86.608375,85.629107,86.264642,1739015
2019-11-06,85.826915,86.332492,84.625339,85.245541,1060767
2019-11-07,85.298243,86.317524,83.048304,85.414998,2821769
2019-11-08,85.323007,86.936036,84.707421,85.885463,1848339
2019-11-11,85.994706,86.981214,85.946051,85.976541,2009810
2019-11-12,86.919569,87.517235,85.270716,86.406088,1835577
2019-11-13,85.842472,87.553865,85.319223,86.915097,2505967
2019-11-14,87.502509,89.210679,86.566827,88.618129,2479330
2019-11-15,88.643927,90.371485,87.6544,88.51777,838303
2019-11-18,88.502361,89.280927,88.037073,88.193072,2254396
2019-11-19,87.07271,89.064499,86.440269,88.795796,1166846
2019-11-20,89.287202,90.518777,88.190734,89.673987,2080994
2019-11-21,89.038424,90.81041,86.28301,86.436776,1886347
2019-11-22,85.933667,88.856238,85.384458,88.835866,2384755
2019-11-25,88.671944,91.617694,88.652871,91.416826,1123436
2019-11-26,91.219088,91.371016,88.96171,90.996882,1856971
2019-11-27,90.509725,92.805234,90.102605,92.098132,3543357
2019-11-28,92.873972,93.358718,90.335831,90.525087,3865235
2019-11-29,90.866122,93.38349,89.272385,91.901882,1296130
2019-12-02,93.207041,93.942186,88.577496,90.091708,1653034
2019-12-03,89.678371,91.093807,88.492307,90.612016,1322022
2019-12-04,90.173343,91.690448,90.077139,91.498117,1807998
2019-12-05,91.978092,92.868164,90.664071,90.762593,1376939
2019-12-06,90.446996,90.634678,90.021511,90.029705,1331048
2019-12-09,90.092894,90.259572,89.91589,89.917734,780723
2019-12-10,89.840143,90.012688,88.95301,89.537059,783265
2019-12-11,89.471111,89.769398,89.320618,89.391414,615401
2019-12-12,89.047839,89.168325,88.186951,88.590289,791207
2019-12-13,88.425607,90.243019,87.919342,89.636137,1199136
2019-12-16,90.109459,90.637684,89.211382,89.318151,1053120
2019-12-17,89.400419,90.321217,88.500644,90.093484,2649254
2019-12-18,90.904013,91.394171,86.816427,87.056399,2553998
2019-12-19,86.73029,86.906372,85.748232,86.4242,2689568
2019-12-20,86.495243,89.482638,85.658636,89.222116,2528812
2019-12-23,89.568118,90.259569,85.693392,87.197498,1515955
2019-12-24,87.528187,88.274618,86.318048,87.920833,2415282
2019-12-25,87.82437,91.962418,86.577636,91.445617,1404030
2019-12-26,91.485217,92.35255,89.237265,90.830044,1019532
2019-12-27,91.425065,94.144584,90.852468,93.594508,1155064
2019-12-30,93.776559,94.075705,90.671634,91.461095,1865542
2019-12-31,91.026187,91.948781,90.7204,91.424772,1254429
2020-01-01,91.276146,91.841685,91.125707,91.438025,1176191
2020-01-02,91.16715,91.536715,90.773015,91.049068,592247
2020-01-03,90.635262,91.467567,90.070485,91.445432,898259
2020-01-06,91.646825,91.868213,89.494531,89.993129,1242661
2020-01-07,90.255572,90.658052,89.100427,89.407856,1064557
2020-01-08,89.223604,90.937254,89.223154,90.611119,903166
2020-01-09,90.535307,90.716258,90.358712,90.582515,791853
2020-01-10,91.070008,91.566644,90.861218,91.040302,750635
2020-01-13,91.003479,92.529287,90.778963,92.414725,1031170
2020-01-14,92.395169,92.44643,90.469954,90.825085,1527479
2020-01-15,90.903752,91.396847,88.221274,88.701565,1722933
2020-01-16,89.395384,94.377538,89.159697,92.126618,1167302
2020-01-17,92.407198,92.757447,88.725696,89.071343,2163843
2020-01-20,89.645929,89.903191,88.987288,89.580479,3564232
2020-01-21,89.073715,90.49069,86.27832,86.582999,1153990
2020-01-22,87.033639,87.123597,82.646427,82.648553,2064085
2020-01-23,82.612939,84.171534,81.889895,83.012584,3282073
2020-01-24,82.623846,84.029267,81.474928,83.635656,2872553
2020-01-27,83.917744,83.952297,81.88452,82.098377,3117697
2020-01-28,83.35335,83.517429,76.557542,78.202097,2084576
2020-01-29,78.310521,79.936104,77.850479,79.163182,2129408
2020-01-30,79.658044,82.316282,78.369381,81.949453,3426473
2020-01-31,81.829792,82.241428,77.703597,78.687027,2195608
2020-02-03,77.974046,80.8114,77.041765,80.278157,2748506
2020-02-04,80.54796,81.568888,79.574143,80.380171,2972910
2020-02-05,79.909312,80.198555,77.310247,77.379885,1763402
2020-02-06,77.285608,81.3372,77.033593,79.29813,2438875
2020-02-07,80.236836,81.037123,77.942644,79.200446,2943609
2020-02-10,78.36678,79.269773,77.220293,78.899015,2541923
2020-02-11,79.076815,83.115889,77.95356,80.868994,2337862
2020-02-12,81.125886,82.48955,80.328273,80.52686,2779603
2020-02-13,80.690432,84.118902,79.272496,82.548278,3134478
2020-02-14,82.271415,86.654683,80.86951,86.520364,2591077
2020-02-17,86.627273,87.227064,85.480816,86.184164,2331538
2020-02-18,85.708633,87.19903,84.793202,86.896999,1730676
2020-02-19,87.711436,88.094726,85.207323,85.725786,2120497
2020-02-20,85.819065,89.530833,85.138005,88.466193,2827767
2020-02-21,89.172101,89.521578,85.42586,85.855642,2006357
2020-02-24,85.719049,86.079806,84.530178,85.298742,2107397
2020-02-25,85.751406,86.181424,83.849131,85.216492,2431729
2020-02-26,85.578355,86.757946,84.856672,84.862421,1306695
2020-02-27,84.299694,84.646353,83.136175,83.666684,1596059
2020-02-28,84.469945,85.956475,84.446978,85.255086,2150053
2020-03-02,86.647593,88.1855,84.193922,84.43534,3335626
2020-03-03,84.983958,85.095334,80.682874,80.974174,1988510
2020-03-04,80.342477,83.666661,79.96902,83.320243,3112154
2020-03-05,82.917565,86.461744,82.525311,85.796933,2348575
2020-03-06,84.68259,85.738146,84.2584,84.423512,2088537
2020-03-09,84.030841,87.700344,82.861343,86.874209,2280014
2020-03-10,87.807163,88.432085,84.778369,85.534138,2109935
2020-03-11,86.074657,86.798273,83.357352,84.005144,2046241
2020-03-12,83.538507,83.771289,82.314959,82.65202,1972497
2020-03-13,82.045999,85.890237,81.760543,85.524462,1613838
2020-03-16,85.208233,88.279474,84.729077,87.362504,2990376
2020-03-17,87.940108,88.498809,86.065119,88.230467,1893209
2020-03-18,88.502657,88.713712,85.964646,86.292914,1591114
2020-03-19,87.0758,89.146485,86.627537,87.901752,1587073
2020-03-20,87.580109,88.457982,85.673712,85.734427,2249713
2020-03-23,85.810654,87.251809,85.796308,87.068187,2219841
2020-03-24,86.713858,87.192428,85.068861,85.874232,1907484
2020-03-25,85.787067,86.410405,84.000348,85.028623,1392728
2020-03-26,84.885222,85.790348,83.243867,84.219782,2314062
2020-03-27,84.084917,84.098978,80.692101,80.892946,1516102
2020-03-30,81.189437,82.000798,77.237641,78.548857,2328876
2020-03-31,78.340989,79.373926,77.738791,78.607717,1108516
2020-04-01,78.553719,80.209919,76.201732,76.891077,2783962
2020-04-02,76.498288,78.933944,76.194633,78.35818,2337822
2020-04-03,78.934748,79.921335,77.873531,79.919894,1822359
2020-04-06,80.756373,81.089423,76.234972,77.207097,1756085
2020-04-07,78.123812,78.773871,74.772555,75.273678,1744627
2020-04-08,75.653148,75.815522,74.489245,75.254739,2447904
2020-04-09,75.253384,78.804532,74.513443,78.157234,1932606
2020-04-10,77.741756,78.217654,75.653695,76.456057,3143628
2020-04-13,75.994543,78.410456,75.989686,77.409055,1786996
2020-04-14,77.389279,77.670322,74.632232,74.717398,2603883
2020-04-15,74.184173,74.733895,73.290257,73.711822,3126877
2020-04-16,74.061765,75.268079,73.991935,74.503479,1766955
2020-04-17,74.630802,74.737436,73.818404,73.95574,2399931
2020-04-20,73.384323,74.977645,72.740047,74.698058,1508476
2020-04-21,74.618305,74.81823,74.366213,74.692001,1083828
2020-04-22,75.086544,75.691051,73.841231,74.592457,2196546
2020-04-23,75.123287,75.297887,74.424463,74.474093,2139690
2020-04-24,74.588722,76.966482,73.350341,76.457197,2345349
2020-04-27,76.766875,77.76998,75.816739,75.971678,1451968
2020-04-28,76.139102,77.642366,75.308518,77.262197,2142750
2020-04-29,77.078094,77.392613,76.261158,76.571413,1301642
2020-04-30,76.663254,77.148817,76.616093,76.721205,1715648
2020-05-01,76.802876,76.837344,74.95139,74.993808,2905161
2020-05-04,74.7602,75.007098,71.890782,72.097387,1319955
2020-05-05,72.227243,72.525224,70.123418,71.824175,2498140
2020-05-06,71.839522,72.111577,71.198599,71.907551,1370797
2020-05-07,72.094978,72.132958,70.776258,71.120399,2239024
2020-05-08,71.150254,71.939385,70.471127,71.906578,1494837
2020-05-11,71.927501,72.171111,70.499183,70.5597,1412872
2020-05-12,69.833525,70.239492,67.929875,68.734088,1186404
2020-05-13,69.721361,70.418347,66.096992,66.920082,2224759
2020-05-14,67.2297,68.830672,67.226934,67.962825,1210946
2020-05-15,68.162741,68.304787,66.212663,66.599201,2103287
2020-05-18,67.321043,68.875745,66.199646,66.704163,1884706
2020-05-19,67.12272,67.912041,64.387344,64.740649,1106553
2020-05-20,64.947872,65.410501,63.24111,63.813116,1786965
2020-05-21,64.085426,64.700433,63.080163,63.807399,1467074
2020-05-22,64.463701,65.366525,64.206627,65.062662,2238110
2020-05-25,65.188519,65.995638,62.852675,63.391456,2090690
2020-05-26,62.912121,63.265477,61.531377,61.712107,3052388
2020-05-27,61.187395,61.889683,60.105515,61.817704,2192447
2020-05-28,62.349113,62.363894,61.737982,61.859246,2058715
2020-05-29,61.83708,61.947385,61.548256,61.60259,1141436
2020-06-01,61.702535,62.433946,61.154512,62.322072,1091990
2020-06-02,62.318521,62.640314,61.094876,61.259048,939933
2020-06-03,61.343442,61.430107,60.659955,60.963524,1181383
2020-06-04,60.835622,61.073961,60.625951,61.007338,1074690
2020-06-05,61.094913,61.543058,60.208084,60.520274,1158421
2020-06-08,60.162034,61.328771,59.750377,60.774904,697001
2020-06-09,60.740187,60.79192,60.552571,60.737417,978388
2020-06-10,60.526576,60.795064,60.258777,60.604853,1293791
2020-06-11,60.615239,62.090399,60.255772,61.952443,1198049
2020-06-12,61.977869,62.238745,60.912605,61.197545,1227539
2020-06-15,61.181631,61.565977,60.90404,61.163192,1227173
2020-06-16,61.196887,61.822781,61.071432,61.436058,1114830
2020-06-17,61.154581,61.278462,60.87392,60.978383,1351376
2020-06-18,60.810445,61.187284,60.763877,61.119015,777615
2020-06-19,61.091924,61.766259,60.866524,61.567377,1245359
2020-06-22,61.638886,62.274997,61.350373,61.617606,1066822
2020-06-23,61.668161,62.16595,61.626862,62.021045,924610
2020-06-24,61.743645,62.106941,61.738028,61.749282,1063549
2020-06-25,61.972609,62.441877,61.39473,61.642702,1078375
2020-06-26,61.630637,63.050554,61.367846,62.733219,696770
2020-06-29,63.013168,63.320268,62.262486,62.834097,767440
2020-06-30,62.955236,63.447863,62.680561,63.366508,1319077
2020-07-01,63.570152,63.850215,62.831725,62.914318,788825
2020-07-02,63.009983,63.326351,62.233714,62.857299,1302563
2020-07-03,62.784767,63.550233,62.497266,63.527493,1244373
2020-07-06,63.488241,63.566229,63.074158,63.478835,1165039
2020-07-07,63.633145,63.874577,62.76861,62.779962,1051822
2020-07-08,62.724643,62.752457,62.219386,62.377353,1529632
2020-07-09,62.063853,62.469209,61.850812,62.400037,1164279
2020-07-10,62.404354,63.390001,62.0594,63.285129,1443564
2020-07-13,63.330705,63.56136,63.101214,63.456948,1337024
2020-07-14,63.538301,63.71728,62.90827,62.998744,968727
2020-07-15,63.121667,63.273036,62.585125,63.059519,940338
2020-07-16,63.404511,63.782759,62.881121,63.089855,990847
2020-07-17,62.839901,62.927967,61.999623,62.145399,1182367
2020-07-20,62.446149,62.794755,62.00477,62.271224,748351
2020-07-21,62.395539,62.435778,61.687391,62.060342,626771
2020-07-22,62.062284,62.526903,61.741259,62.011903,975694
2020-07-23,61.789796,62.049962,61.299987,61.525865,661094
2020-07-24,61.541199,62.094665,61.200027,61.811348,815921
2020-07-27,61.914602,62.360476,61.355226,61.543911,1094700
2020-07-28,61.540025,61.666807,61.146646,61.161741,1118487
2020-07-29,61.087874,62.296409,60.794639,62.25377,1557516
2020-07-30,62.155813,62.250275,61.711676,61.88511,718300
2020-07-31,61.755156,61.78206,61.009902,61.188794,613527
2020-08-03,61.297104,61.9825,60.975088,61.975304,1238517
2020-08-04,62.073265,62.737,61.577957,62.653214,668611
2020-08-05,62.817533,63.04622,61.935632,62.015291,1167815
2020-08-06,61.887627,61.938813,61.831084,61.873815,601096
2020-08-07,62.099264,62.494346,61.608572,61.799916,745637
2020-08-10,62.217199,62.668733,61.32174,61.591437,1228311
2020-08-11,61.609747,61.916765,60.538671,60.862741,640511
2020-08-12,61.052972,61.875178,60.213208,60.384761,966414
2020-08-13,60.171263,61.682924,59.755932,61.63396,1111271
2020-08-14,62.032742,62.042912,60.335734,61.110749,679174
2020-08-17,61.216045,61.587332,60.358316,60.898242,1110127
2020-08-18,61.102784,61.728546,60.934405,61.356909,1358326
2020-08-19,61.407094,61.84513,60.95349,61.024272,952939
2020-08-20,60.765612,60.960498,60.70531,60.707054,941993
2020-08-21,60.789515,61.176222,59.777092,60.184598,1404600
2020-08-24,60.184957,60.709814,59.788135,60.551513,669503
2020-08-25,60.70398,60.759643,60.533186,60.606602,1220410
2020-08-26,60.471203,61.700389,60.235716,61.211441,989222
2020-08-27,60.714318,61.027282,60.574178,60.884881,1174687
2020-08-28,60.87427,61.688981,60.561364,61.650808,975631
2020-08-31,61.596188,61.745086,61.292649,61.618258,716596
2020-09-01,61.741079,62.0752,61.280968,61.328441,1141590
2020-09-02,61.187385,61.686745,61.156748,61.623944,1121898
2020-09-03,61.561751,61.807851,61.21755,61.771444,843606
2020-09-04,61.710739,61.935868,61.650699,61.90213,623284
2020-09-07,61.78035,61.936945,61.15956,61.4633,1069324
2020-09-08,61.557553,61.722764,61.282967,61.472925,1094414
2020-09-09,61.427473,61.77754,61.1519,61.362859,608990
2020-09-10,61.282311,61.872743,60.977948,61.784849,708535
2020-09-11,61.671792,62.737931,61.587367,62.438731,500990
2020-09-14,62.388431,63.127424,62.213357,62.808562,1088180
2020-09-15,63.070747,63.297136,63.06094,63.176496,1054133
2020-09-16,63.137046,63.813458,62.983164,63.752055,848683
2020-09-17,63.640051,64.491948,63.635338,64.376353,1210629
2020-09-18,64.395964,64.430493,63.902862,64.058741,1846371
2020-09-21,64.198363,64.515488,63.094719,63.438649,836956
2020-09-22,63.441499,63.761161,63.37263,63.624453,742289
2020-09-23,63.697174,64.659888,63.460756,64.468015,1421840
2020-09-24,64.579755,64.605809,63.434619,63.620638,562026
2020-09-25,63.752082,63.93419,62.859319,63.201753,509731
2020-09-28,63.241786,63.507951,62.868597,63.301679,1293335
2020-09-29,63.067191,63.314498,62.487605,62.974303,952677
2020-09-30,62.95584,63.88168,62.762002,63.591696,676915
2020-10-01,63.481726,64.177777,63.453791,63.546383,851357
2020-10-02,63.673094,64.487818,63.662241,64.039571,975952
2020-10-05,64.263111,64.398549,64.052637,64.141172,930038
2020-10-06,64.077867,64.388391,63.93424,64.364049,1127442
2020-10-07,64.494034,64.932829,63.541512,63.655955,851350
2020-10-08,63.721593,64.21884,63.107005,63.395721,582994
2020-10-09,63.357922,63.641944,62.024951,62.326801,620841
2020-10-12,62.563171,62.90204,62.027925,62.057902,1366683
2020-10-13,61.98239,62.382145,61.513328,61.796596,816706
2020-10-14,61.683874,62.539155,61.510559,62.030575,832407
2020-10-15,61.886429,62.020811,60.965666,61.360459,458669
2020-10-16,61.535917,62.613884,61.336753,62.45501,648927
2020-10-19,62.330841,63.047721,62.144797,62.981421,1013524
2020-10-20,62.854048,63.094976,62.227716,62.333346,824991
2020-10-21,62.514316,62.533657,61.033555,61.409831,1019648
2020-10-22,61.468644,61.584846,60.58847,60.671428,1125141
2020-10-23,60.646318,61.274538,60.370268,60.954797,856372
2020-10-26,60.815389,60.924362,59.899173,60.242918,2113735
2020-10-27,60.281197,60.319266,60.059241,60.196399,868526
2020-10-28,60.024729,60.72282,59.561924,60.513663,1220487
2020-10-29,60.545587,60.972257,59.87791,60.68455,1105963
2020-10-30,60.708542,61.25988,60.274817,61.066981,1705123
2020-11-02,61.055328,61.506208,60.086898,60.312141,900987
2020-11-03,60.343036,60.98424,60.316985,60.789954,831369
2020-11-04,60.890261,61.369851,60.519094,61.103157,837038
2020-11-05,60.807669,61.615173,60.629233,61.586664,1124402
2020-11-06,61.413619,62.247498,61.11465,61.979945,1191059
2020-11-09,62.100872,62.465318,61.080082,61.22195,794701
2020-11-10,61.196918,61.246159,59.909459,60.009758,1067797
2020-11-11,60.146883,60.589606,60.015228,60.396233,614871
2020-11-12,60.672484,61.383497,60.42579,61.219616,1584532
2020-11-13,61.47585,61.741905,60.472896,60.681564,1403970
2020-11-16,60.84337,60.86608,60.20544,60.344599,1268092
2020-11-17,60.36165,60.665964,60.039663,60.498474,963508
2020-11-18,60.692227,61.249503,60.50533,61.076092,826069
2020-11-19,60.979043,61.832926,60.945015,61.40273,1162754
2020-11-20,61.436519,61.521277,60.44884,60.713828,802912
2020-11-23,60.673441,61.109252,60.392145,60.589066,639809
2020-11-24,60.514483,60.814108,60.251737,60.311345,1159477
2020-11-25,60.193584,60.769791,60.135892,60.675603,1050257
2020-11-26,60.746436,61.313519,60.518667,61.04499,1525191
2020-11-27,60.795983,60.841278,60.316433,60.518105,785751
2020-11-30,60.205552,60.458522,60.111915,60.167974,1316222
2020-12-01,60.330929,60.527505,60.148447,60.388009,828373
2020-12-02,60.455291,60.457119,60.21719,60.248355,1007158
2020-12-03,60.382972,60.452553,59.794548,59.865345,1140508
2020-12-04,59.847439,59.930213,59.287293,59.69147,1038428
2020-12-07,59.768365,60.134592,59.512628,60.054837,790550
2020-12-08,59.976891,60.266186,59.512476,59.822724,1281690
2020-12-09,59.740384,60.374512,59.269699,59.805091,717770
2020-12-10,59.627038,59.772309,58.907828,59.404842,1488985
2020-12-11,59.691837,59.849144,59.661358,59.796667,552442
2020-12-14,59.644141,59.796881,59.057306,59.472572,1349227
2020-12-15,59.724567,59.878264,59.274245,59.675279,809766
2020-12-16,59.483026,59.967816,59.147096,59.749354,866096
2020-12-17,59.43365,59.804703,58.75539,59.189451,1179444
2020-12-18,59.618519,59.909939,58.141354,58.201189,1898322
2020-12-21,58.402398,58.599505,57.614854,58.159656,2123155
2020-12-22,58.224741,58.642657,57.48397,58.007934,1235445
2020-12-23,57.864621,58.938221,57.799072,58.57557,1377577
2020-12-24,58.728122,58.878773,57.6559,58.05903,954334
2020-12-25,57.926028,58.923637,57.771181,58.547738,1013952
2020-12-28,58.595985,59.439484,58.210653,59.127763,1121778
2020-12-29,59.014354,59.645154,58.9297,59.406259,1097333
2020-12-30,59.653833,59.93928,59.264813,59.77949,1511236
2020-12-31,59.844173,59.855639,59.574973,59.605002,1069721
2021-01-01,59.820713,60.298728,59.603751,59.893037,789859
2021-01-04,59.868882,60.305167,59.622393,60.117829,1194922
2021-01-05,60.003802,60.230693,59.12944,59.241498,586512
2021-01-06,59.025384,59.492911,58.875572,59.221787,691907
2021-01-07,59.262589,59.293005,58.572782,58.608218,929168
2021-01-08,58.796356,58.850583,57.343662,57.748684,975598
2021-01-11,57.832016,58.233417,57.625623,57.890782,1475233
2021-01-12,57.781115,58.17974,57.593595,58.125003,1030661
2021-01-13,58.055583,58.213489,57.516614,57.770876,939950
2021-01-14,57.701974,58.322838,57.498033,58.122107,1256128
2021-01-15,58.118074,58.869294,57.804459,58.397911,1198552
2021-01-18,58.507468,59.330371,58.258886,58.437591,1209482
2021-01-19,58.459836,58.626027,58.076229,58.203534,1371108
2021-01-20,58.315383,59.143755,57.870888,58.624955,1260982
2021-01-21,58.69504,59.711797,58.667658,59.53231,1002913
2021-01-22,59.370763,59.788453,58.213613,58.344394,856101
2021-01-25,58.359519,59.105433,58.273229,58.941723,677861
2021-01-26,58.784133,59.199774,57.809467,58.27867,1249345
2021-01-27,58.294122,59.023096,58.079495,58.860209,1043780
2021-01-28,58.929621,59.346394,58.894611,59.338313,1304187
2021-01-29,59.215083,59.548207,58.504598,59.088798,964787
2021-02-01,58.880533,58.966231,58.550127,58.935273,1142626
2021-02-02,58.969409,58.990394,58.822654,58.98744,1045156
2021-02-03,58.969351,59.139118,58.632917,59.083207,644504
2021-02-04,59.268687,59.401629,58.878934,59.001699,909837
2021-02-05,58.898905,60.027338,58.880284,59.662658,538578
2021-02-08,59.925905,59.945408,58.521722,58.76858,1019594
2021-02-09,58.873067,58.941796,58.189269,58.676255,2481518
2021-02-10,58.440057,59.195627,58.201259,59.075509,1401002
2021-02-11,58.969709,59.15129,58.766173,58.903502,1519447
2021-02-12,58.909027,58.968251,58.382529,58.838081,931749
2021-02-15,58.820114,59.436675,58.491749,58.728629,788499
2021-02-16,58.589659,59.450616,58.048095,59.291015,889385
2021-02-17,59.0035,60.056227,58.915707,59.618494,1249852
2021-02-18,59.569818,60.034184,58.86279,58.903175,728125
2021-02-19,58.868407,58.932479,58.275126,58.448814,2051096
2021-02-22,58.539732,58.669353,58.170197,58.338913,859926
2021-02-23,58.36953,58.448583,58.256857,58.323137,923602
2021-02-24,58.155781,59.022521,58.113704,58.843917,1446557
2021-02-25,58.967272,59.122476,58.490832,58.744092,1143721
2021-02-26,58.651325,59.701301,58.459815,59.503194,1304615
2021-03-01,59.656778,60.714558,59.648762,60.435765,518437
2021-03-02,60.360494,60.516858,59.843739,59.867149,911024
2021-03-03,59.779688,60.425904,59.417532,60.086265,972707
2021-03-04,60.085686,60.830767,59.931103,60.655992,1009773
2021-03-05,60.78199,61.176488,60.525996,60.741336,1687734
2021-03-08,60.784485,61.139663,60.759428,60.961329,827991
2021-03-09,60.749872,60.99265,60.607558,60.722752,1088917
2021-03-10,60.881805,60.9834,60.463331,60.502301,1682913
2021-03-11,60.394323,60.96588,60.31247,60.692352,527745
2021-03-12,60.458266,61.341673,60.427751,61.256122,658167
2021-03-15,60.977821,61.269256,60.579126,60.641542,894381
2021-03-16,60.854408,61.084279,60.55758,60.701877,763006
2021-03-17,60.951032,61.885301,60.642212,61.73218,700510
2021-03-18,61.642515,61.833742,61.22775,61.516299,1076458
2021-03-19,61.468682,62.044922,61.22599,61.689544,1549784
2021-03-22,61.680993,62.304154,60.883412,62.158021,684676
2021-03-23,61.948611,62.492962,61.914994,62.45806,1413858
2021-03-24,62.480719,62.75027,62.034627,62.374671,743372
2021-03-25,62.467457,62.566786,61.779347,62.314601,848138
2021-03-26,62.243983,63.298844,62.199148,63.235788,1364182
2021-03-29,63.276695,63.619492,62.342422,62.613071,1226634
2021-03-30,62.543518,62.798784,61.720231,61.996724,1009530
2021-03-31,62.16708,63.304221,61.814366,62.764885,993216
2021-04-01,62.610308,63.476829,62.42936,63.416862,977650
2021-04-02,63.33721,63.37671,62.705153,62.823421,690179
2021-04-05,63.065608,63.629348,62.670167,63.466615,1445968
2021-04-06,63.497997,63.720243,63.240107,63.633711,1186982
2021-04-07,64.047787,64.129545,63.324731,63.603015,576000
2021-04-08,63.730108,63.784894,63.614125,63.730612,1363380
2021-04-09,63.930804,65.078656,63.836485,64.843128,667288
2021-04-12,64.956793,65.676258,64.448635,65.175827,1222322
2021-04-13,65.043432,65.901366,64.801263,65.539973,667226
2021-04-14,65.705774,66.277712,65.151659,65.862844,1836057
2021-04-15,65.687272,65.940343,65.463936,65.532414,1449353
2021-04-16,65.243689,65.510295,64.986236,65.465361,1351697
2021-04-19,65.534389,65.806688,65.272777,65.461203,1223829
2021-04-20,65.637704,65.684936,65.006176,65.016254,684509
2021-04-21,65.233879,65.63657,65.120402,65.464726,722479
2021-04-22,65.537942,66.375231,65.19987,66.150199,1503366
2021-04-23,66.137878,66.817332,65.889634,66.06268,1165945
2021-04-26,66.038528,66.130966,65.54873,65.662482,1151835
2021-04-27,65.756644,65.927422,65.274254,65.328499,780641
2021-04-28,65.505565,66.521411,65.115671,66.397172,858394
2021-04-29,66.40205,66.529209,65.82936,65.959521,898393
2021-04-30,66.072853,66.194138,65.224208,65.374696,1171530
2021-05-03,65.579337,65.962395,64.343156,64.662478,1440361
2021-05-04,64.872522,65.283377,64.446185,64.564403,1849028
2021-05-05,64.768071,65.629079,64.626591,65.360926,1003379
2021-05-06,65.508713,66.437326,65.338966,66.051725,1094772
2021-05-07,66.361351,66.463388,65.968379,66.372485,804258
2021-05-10,66.215455,66.303213,65.940068,65.957064,535944
2021-05-11,66.256845,66.862145,66.059889,66.58536,1217499
2021-05-12,66.599303,66.761192,66.18295,66.449212,607698
2021-05-13,66.173403,67.215182,65.821246,66.911557,862389
2021-05-14,66.93431,68.805026,66.917696,68.244142,1025758
2021-05-17,68.303576,68.549409,67.905369,67.983791,1174552
2021-05-18,67.742382,67.790089,66.760003,67.273084,971114
2021-05-19,67.278491,69.084744,67.067698,68.628871,1320436
2021-05-20,68.225135,68.925254,67.796081,68.40842,1369025
2021-05-21,68.723151,68.902619,68.294283,68.414501,841678
2021-05-24,68.366667,68.678608,67.241457,67.495956,719680
2021-05-25,67.495098,68.267896,67.410857,68.176171,1135446
2021-05-26,68.35259,68.896255,68.145553,68.811506,1068527
2021-05-27,68.813576,69.296932,68.652534,68.964403,1067331
2021-05-28,68.730688,69.762705,68.577482,69.716619,1180337
2021-05-31,69.354203,69.617684,68.625184,69.449172,612307
2021-06-01,69.57337,70.84727,69.453579,70.434889,905218
2021-06-02,70.586982,71.036749,70.301678,70.876479,1642559
2021-06-03,70.793604,72.163873,70.57976,72.044746,862592
2021-06-04,71.656161,71.775086,70.810512,70.895069,1158976
2021-06-07,70.95751,71.149983,70.230938,70.370145,810533
2021-06-08,70.36688,71.661129,69.633532,71.115939,1380616
2021-06-09,71.234377,71.522379,70.861666,71.347108,1040233
2021-06-10,71.194414,71.65151,70.787224,70.828675,757490
2021-06-11,70.42971,71.493159,70.208081,71.071054,1645036
2021-06-14,70.965797,71.920054,70.580142,71.738188,460500
2021-06-15,71.887939,72.761197,71.520713,72.485943,752292
2021-06-16,72.689779,73.009259,72.443794,72.65829,1308541
2021-06-17,72.590112,72.939506,72.5221,72.80732,720849
2021-06-18,72.696796,73.265882,72.278467,73.208783,679105
2021-06-21,72.852481,73.489253,72.249668,73.232745,648982
2021-06-22,73.468237,75.185554,73.187262,74.617744,852212
2021-06-23,74.526324,74.590517,73.975145,74.239974,1020355
2021-06-24,74.096337,75.014295,73.797589,74.424896,663358
2021-06-25,74.245298,74.748191,73.979828,74.386763,1126214
2021-06-28,74.306489,75.642598,73.811521,75.557744,1155001
2021-06-29,75.642093,76.120388,74.86589,75.137929,1209539
2021-06-30,75.060196,75.946374,74.491153,75.920189,714001
2021-07-01,76.196755,76.742853,75.303026,75.881578,1124365
2021-07-02,76.013845,76.066643,75.550203,75.695037,747510
2021-07-05,75.769729,76.374344,74.231679,74.427386,966552
2021-07-06,74.687461,75.047817,74.219667,74.688884,1059710
2021-07-07,74.445861,76.534426,74.114495,75.900373,1689266
2021-07-08,75.928662,76.085099,75.229383,75.357526,1404268
2021-07-09,75.51819,75.822137,73.498621,73.587004,1248011
2021-07-12,73.749309,74.316373,73.371445,74.153858,1570025
2021-07-13,74.06861,74.258692,73.154644,73.377565,759829
2021-07-14,73.140067,73.649542,72.278732,72.425182,801577
2021-07-15,72.062934,72.603071,72.045466,72.32141,1018659
2021-07-16,72.41775,73.172511,71.002157,71.561184,1379863
2021-07-19,71.524774,74.131117,70.311142,73.227982,2419404
2021-07-20,73.151966,73.763985,72.467431,73.309971,2167858
2021-07-21,73.386834,74.630915,72.691115,74.224427,3195655
2021-07-22,74.202331,74.758133,71.824376,73.18117,2336654
2021-07-23,72.961373,74.224882,71.997178,73.198084,2093736
2021-07-26,73.524598,74.262557,71.305574,72.3932,1799625
2021-07-27,72.130963,73.050711,71.935171,72.742566,1322106
2021-07-28,72.522742,72.96237,71.18397,71.302984,752175
2021-07-29,71.052619,71.792271,70.779455,71.549692,1220582
2021-07-30,71.483587,72.244424,70.895219,72.232785,1249459
2021-08-02,72.354385,73.529061,72.236689,73.296332,1092794
2021-08-03,73.145509,73.773404,73.083683,73.737464,1451771
2021-08-04,73.766488,74.197785,73.699275,73.818619,1727980
2021-08-05,74.005594,74.212762,72.374845,72.732984,767041
2021-08-06,73.080745,73.706348,72.702344,73.044425,1223360
2021-08-09,73.213004,73.492039,71.550042,71.767331,808593
2021-08-10,71.671296,71.706971,71.305841,71.42585,1133179
2021-08-11,71.140104,71.778318,70.566913,71.388652,906868
2021-08-12,70.910537,71.616387,70.750279,71.263788,859108
2021-08-13,71.153229,71.990002,70.800833,71.898112,930301
2021-08-16,71.921272,72.262762,71.022013,71.665665,1208968
2021-08-17,71.583653,71.980845,70.641443,70.934712,1061337
2021-08-18,71.309665,71.521778,70.462996,70.776772,969462
2021-08-19,70.533911,70.598855,70.283573,70.360693,1457772
2021-08-20,70.247337,71.194191,69.918171,71.155819,1434468
2021-08-23,70.720725,71.473119,70.001902,70.143008,1064080
2021-08-24,70.362781,70.372443,69.613776,70.025279,646542
2021-08-25,69.9128,70.722637,69.850403,70.663387,489483
2021-08-26,70.320994,70.487084,69.616916,70.064686,916647
2021-08-27,70.033594,70.909407,69.927781,70.43664,1227311
2021-08-30,70.713699,71.143441,69.736486,70.439763,727733
2021-08-31,70.814492,70.91396,69.924313,70.263471,1462616
2021-09-01,70.216128,70.223536,68.756312,69.2262,770466
2021-09-02,69.34276,69.455586,68.654837,69.439543,1529501
2021-09-03,69.359884,69.393326,68.591413,69.123277,1489269
2021-09-06,69.081489,69.541842,68.475168,69.386532,1296423
2021-09-07,69.288853,69.601395,68.393782,68.483,800782
2021-09-08,68.772353,69.324269,68.200651,68.982345,1639533
2021-09-09,68.851647,69.80202,68.828614,69.357972,966031
2021-09-10,68.980403,70.4546,68.96615,70.223444,966917
2021-09-13,70.009981,70.426736,69.547456,69.82974,1019310
2021-09-14,69.713545,69.789323,69.477108,69.493176,663298
2021-09-15,69.524726,70.845632,69.35785,70.153707,1262010
2021-09-16,70.046195,70.344129,68.837807,69.438756,1463448
2021-09-17,69.473402,69.646546,68.846039,69.051789,1332476
2021-09-20,69.089497,69.795165,68.910628,68.95967,927195
2021-09-21,68.889615,68.952801,67.782433,68.314103,828362
2021-09-22,68.436546,69.470132,68.254617,69.345512,859937
2021-09-23,69.17195,69.947851,68.785114,69.83414,1594157
2021-09-24,69.641796,69.95574,68.184179,68.452216,1399091
2021-09-27,68.623573,68.713004,67.25898,67.38816,957589
2021-09-28,67.398265,67.48038,66.688369,67.196307,860477
2021-09-29,66.674818,67.662359,66.24223,67.572231,693281
2021-09-30,67.489702,68.038107,67.082619,67.976659,919089
2021-10-01,68.076765,69.346637,67.695319,68.829335,857024
2021-10-04,69.100363,69.853099,68.838366,68.923364,1514579
2021-10-05,69.047913,69.167661,68.075597,68.295089,617015
2021-10-06,68.353351,68.745865,67.981217,68.694037,1003617
2021-10-07,68.883284,69.027778,67.745132,67.968035,1627843
2021-10-08,68.372914,68.925008,66.827273,66.921387,2038904
2021-10-11,67.374847,67.555959,64.547454,64.92909,1829906
2021-10-12,64.49277,64.806325,63.336083,64.022709,1197050
2021-10-13,63.98701,64.895023,63.037963,63.323749,2694913
2021-10-14,62.759658,64.01306,62.093522,62.665198,1930403
2021-10-15,63.056886,65.853253,62.978845,64.956898,1615303
2021-10-18,64.696711,64.873697,64.17144,64.686421,2619859
2021-10-19,64.296398,65.349602,62.246834,65.129104,1970601
2021-10-20,65.824577,66.623362,64.06971,65.218883,1305713
2021-10-21,64.79976,67.452558,64.785973,67.235997,2292360
2021-10-22,67.071637,67.444297,65.219576,65.635072,2691118
2021-10-25,65.628054,67.96624,64.284948,66.81236,1657386
2021-10-26,66.732614,66.755127,64.71072,65.470705,3495744
2021-10-27,65.903007,65.91599,65.434739,65.444946,1448060
2021-10-28,65.671392,66.732811,64.204198,66.047912,3745584
2021-10-29,65.867983,65.983444,65.07209,65.193673,901939
2021-11-01,65.328824,65.954625,65.004351,65.139172,1912763
2021-11-02,65.085598,65.931319,65.03233,65.195649,1068247
2021-11-03,65.092123,65.862167,64.650243,65.529032,959125
2021-11-04,65.627644,66.130621,65.058669,65.392112,763641
2021-11-05,65.462765,67.456783,65.21605,67.140363,879498
2021-11-08,67.159515,68.326594,67.141837,68.064487,652757
2021-11-09,67.90409,68.08581,66.576609,66.637985,822987
2021-11-10,66.647284,67.064013,66.273061,66.967203,1470182
2021-11-11,66.744503,67.358242,66.683151,67.298585,799918
2021-11-12,67.42904,67.760572,66.939212,67.502678,1484925
2021-11-15,67.443806,68.509169,66.933026,68.368912,962070
2021-11-16,68.345288,68.469377,66.339893,66.549707,1049763
2021-11-17,66.666213,66.712352,65.895712,66.22204,1044561
2021-11-18,66.179834,67.462524,66.007653,67.243817,804153
2021-11-19,67.322225,67.954252,67.171767,67.873984,1373599
2021-11-22,67.736662,69.398384,67.236855,69.235445,883777
2021-11-23,69.279558,70.370239,69.083076,70.113659,819259
2021-11-24,70.279727,70.527641,68.952568,69.225087,1515388
2021-11-25,68.876839,70.292023,68.414745,70.054991,868019
2021-11-26,69.962114,69.991511,69.182577,69.800278,710700
2021-11-29,69.810165,70.022034,69.425037,70.018055,862956
2021-11-30,69.977588,70.277276,69.62554,70.068984,1233456
2021-12-01,70.147412,70.367812,69.556552,69.815841,890042
2021-12-02,70.021714,70.29203,69.585339,69.585957,1094482
2021-12-03,69.594033,70.203283,69.554921,70.156072,1233478
2021-12-06,70.233362,70.23805,69.73083,69.775964,1349783
2021-12-07,69.843724,70.220497,69.685995,70.016825,1610590
2021-12-08,70.195288,70.51478,69.940728,70.335389,1448022
2021-12-09,70.469132,70.716385,69.808002,69.999258,1113720
2021-12-10,70.274106,70.364673,69.560436,69.918121,814370
2021-12-13,70.116369,71.11169,70.055207,70.707256,978646
2021-12-14,70.586104,70.713204,69.095842,69.564587,711986
2021-12-15,69.607404,69.685836,68.821677,69.36175,855615
2021-12-16,69.535726,69.673571,67.763486,68.60853,1294063
2021-12-17,68.627584,69.109726,68.445898,68.902881,1070027
2021-12-20,68.387347,70.769929,67.906164,70.603557,860106
2021-12-21,70.937924,70.945973,69.437319,69.620141,1073596
2021-12-22,69.696593,70.932851,69.478693,70.589996,760719
2021-12-23,70.639688,71.42931,70.570725,71.3992,1351270
2021-12-24,71.456168,71.836897,69.607775,69.967149,987903
2021-12-27,69.809598,70.167505,68.903405,69.385343,1755186
2021-12-28,69.385166,69.902924,69.122412,69.507022,722854
2021-12-29,69.436577,69.777059,68.909924,68.92142,775975
2021-12-30,68.764642,69.253217,68.36443,69.229664,868903
2021-12-31,69.251812,70.60657,69.09671,70.087613,1064239
2022-01-03,70.159392,70.847475,69.785293,70.451828,1012223
2022-01-04,70.656047,70.992972,70.306275,70.321017,978325
2022-01-05,70.371048,70.86078,70.334809,70.749511,1409944
2022-01-06,70.720238,71.308511,70.586134,70.958185,1205050
2022-01-07,71.066493,71.205464,70.071161,70.170864,673667
2022-01-10,70.37054,71.078991,69.741624,69.956826,1001988
2022-01-11,70.140359,70.627911,69.90935,70.33271,634700
2022-01-12,70.289263,70.383839,70.16386,70.281376,1687736
2022-01-13,70.298416,70.625112,70.110908,70.542024,810827
2022-01-14,70.487939,71.505155,70.290998,71.118969,1164265
2022-01-17,72.024972,72.902226,67.328992,67.675474,1790115
2022-01-18,68.073403,70.366388,67.961546,70.162653,1759532
2022-01-19,70.673682,71.353252,66.858646,67.15074,1211730
2022-01-20,66.763444,67.614419,66.717412,67.563107,1833921
2022-01-21,67.714182,68.874134,67.068783,67.659318,1893569
2022-01-24,68.226183,68.798167,66.54732,67.402673,2235381
2022-01-25,66.907529,68.30052,66.60206,67.645558,2907390
2022-01-26,67.610782,67.715374,66.669049,66.813548,3148838
2022-01-27,66.063682,66.073555,65.470313,65.930043,4357679
2022-01-28,67.119487,68.195031,65.089829,65.878416,1155244
2022-01-31,65.97508,66.549083,65.521687,66.06444,3835589
2022-02-01,65.872179,65.964753,64.882065,65.095264,2340826
2022-02-02,65.447726,66.034429,65.262952,65.604577,2424674
2022-02-03,65.458743,65.966111,64.138415,64.365343,1890153
2022-02-04,64.62138,66.235648,62.763717,63.752062,2034185
2022-02-07,63.676355,63.792505,63.238148,63.734047,1231243
2022-02-08,63.934684,64.363216,63.657217,64.033117,1161465
2022-02-09,63.924244,64.343602,63.555301,63.848395,775345
2022-02-10,63.914227,64.485013,62.486075,64.328405,1608176
2022-02-11,63.952657,66.487177,63.648128,66.281217,1551241
2022-02-14,66.356156,66.749489,64.815688,65.305914,1701111
2022-02-15,65.271442,67.327989,64.840715,67.098982,1400248
2022-02-16,66.611421,66.855901,64.675748,65.039959,1544776
2022-02-17,65.748915,67.036892,65.652943,66.125884,2829956
2022-02-18,66.058386,66.817061,65.499998,65.648807,2533472
2022-02-21,65.655661,68.713472,65.469452,68.458256,1797661
2022-02-22,68.848974,69.652331,67.091332,67.283599,1591186
2022-02-23,66.914661,67.985907,66.281473,66.292051,1288134
2022-02-24,65.877768,68.093065,65.346283,67.774711,1931154
2022-02-25,67.521024,68.080275,66.810584,68.036528,1132702
2022-02-28,68.478832,69.822357,67.667942,68.03299,2409184
2022-03-01,67.649964,68.591051,64.373229,64.792396,2026954
2022-03-02,65.808652,66.249059,64.424047,65.714786,1548475
2022-03-03,65.820197,66.363543,64.46079,65.368792,1284836
2022-03-04,65.528626,65.694215,65.453441,65.462007,1562507
2022-03-07,65.662007,66.164235,63.892056,64.376444,2713755
2022-03-08,64.151423,66.339206,63.873144,66.154942,2491114
2022-03-09,66.157469,66.473679,65.76363,65.792306,2087314
2022-03-10,65.572738,66.552059,65.097148,65.451711,2218944
2022-03-11,65.43139,65.683375,63.257963,63.437456,2187300
2022-03-14,63.364628,63.787671,62.951654,63.409389,2461558
2022-03-15,63.962714,64.019606,61.065989,61.97842,1337010
2022-03-16,62.067825,64.426332,61.319483,63.81717,2087986
2022-03-17,63.842513,64.155392,63.350867,63.769261,1860064
2022-03-18,63.725102,63.822272,62.319502,62.935117,2273879
2022-03-21,62.675757,63.781948,61.442038,62.750068,1709462
2022-03-22,62.423278,66.343551,61.6396,64.52211,1857579
2022-03-23,64.455733,65.077481,63.373825,64.346208,2151411
2022-03-24,64.835395,64.854014,64.012108,64.270411,2488762
2022-03-25,64.472552,66.663969,64.163133,66.600399,1596275
2022-03-28,66.373186,66.778892,65.840589,66.644637,2333109
2022-03-29,66.353374,67.886215,65.721665,67.752005,1905040
2022-03-30,67.645317,67.664212,66.927708,67.026006,1548318
2022-03-31,67.448331,67.53167,66.107026,66.540819,2142309
2022-04-01,66.950972,68.099502,66.732444,67.644807,1649792
2022-04-04,67.501417,68.508375,66.857543,67.323945,1467820
2022-04-05,67.094446,68.228147,66.662877,67.761269,3285478
2022-04-06,67.968345,68.812081,67.417536,67.517675,2260931
2022-04-07,67.225703,68.500978,66.68285,67.463367,1511260
2022-04-08,67.375703,68.034574,67.097467,67.202984,2576176
2022-04-11,67.852218,68.04581,65.413487,65.4255,2193624
2022-04-12,65.191169,67.97536,64.616509,67.316482,2278779
2022-04-13,67.373323,67.642303,64.875009,66.149399,2106030
2022-04-14,66.153151,66.890736,63.620142,64.682953,1401159
2022-04-15,65.040794,65.126303,64.456707,64.916664,1304834
2022-04-18,65.020687,65.636702,63.733689,63.957416,1998902
2022-04-19,63.437206,65.656229,62.607129,65.632361,1310122
2022-04-20,65.237703,66.206573,64.577551,66.12338,1745943
2022-04-21,66.350186,66.394277,64.474767,65.198247,1184888
2022-04-22,65.184387,66.024517,63.518986,64.114734,1727961
2022-04-25,63.939952,65.796627,63.737667,65.012291,2038422
2022-04-26,64.505294,64.71567,63.139629,63.902589,1850975
2022-04-27,64.008556,65.560665,61.971906,62.269117,2314224
2022-04-28,62.108323,62.143371,60.243185,60.407074,2043012
2022-04-29,60.661491,61.984293,60.411474,61.454532,2330788
2022-05-02,61.576251,61.975768,59.141365,59.350248,2198635
2022-05-03,59.041069,59.320768,57.625663,58.204382,2404565
2022-05-04,57.779399,59.170548,57.671893,59.096107,1769830
2022-05-05,58.907191,59.844304,58.859779,59.825215,2510069
2022-05-06,59.957797,60.500186,58.184443,58.266894,2005318
2022-05-09,58.510232,59.008805,57.404659,57.713906,2141895
2022-05-10,57.066027,59.08056,56.931523,58.839853,2005984
2022-05-11,59.316649,59.768295,58.673383,58.831539,1810992
2022-05-12,58.924896,58.944443,57.806304,58.213796,2314655
2022-05-13,58.105444,59.188898,57.746932,58.359125,1253605
2022-05-16,57.691978,58.798198,57.690055,58.738296,1445779
2022-05-17,58.384095,58.840676,56.871648,57.334722,1214013
2022-05-18,57.729078,58.410705,56.227783,56.316742,2415673
2022-05-19,56.339338,58.405208,55.857794,57.645526,1759373
2022-05-20,57.678894,59.5745,57.370646,59.390966,2281779
2022-05-23,59.272765,60.25513,58.305657,60.11145,3444840
2022-05-24,59.936831,60.584666,59.202597,59.69681,2476046
2022-05-25,59.580422,59.881677,58.622841,58.878817,1054488
2022-05-26,59.18795,59.322849,57.482535,58.988524,1461337
2022-05-27,59.287348,61.128801,59.061664,60.130802,2718012
2022-05-30,60.357422,61.490402,59.722567,61.389266,1955799
2022-05-31,61.305312,62.084064,61.101406,61.105581,2721229
2022-06-01,61.251632,62.224105,59.959269,61.553762,3554841
2022-06-02,62.123425,62.979584,59.463405,59.675395,1593155
2022-06-03,59.986956,59.988562,59.650159,59.713877,4066378
2022-06-06,60.198434,61.411388,59.143647,61.37962,1928483
2022-06-07,60.886891,61.108638,60.587397,60.877422,1972192
2022-06-08,60.560889,61.286082,60.468848,61.217623,1277694
2022-06-09,61.353313,61.743149,61.163335,61.687591,2944977
2022-06-10,61.667975,62.576359,61.37163,62.097599,1008729
2022-06-13,61.503304,62.212417,61.427772,62.116153,1681878
2022-06-14,62.247347,62.47636,61.7935,61.825959,1375292
2022-06-15,62.014778,62.142923,60.485947,60.702137,1048282
2022-06-16,60.760146,60.88839,60.094081,60.262486,1161824
2022-06-17,60.290085,60.306234,60.033955,60.185411,777635
2022-06-20,59.943273,61.005335,59.917548,60.610576,920788
2022-06-21,60.792388,61.089003,60.516687,60.682888,672024
2022-06-22,61.102001,61.664756,61.059272,61.32438,1288942
2022-06-23,61.759841,61.899173,60.376071,60.585353,728881
2022-06-24,60.597695,60.837558,59.659718,59.757672,990715
2022-06-27,59.82316,60.954418,59.701991,60.52847,1251413
2022-06-28,60.823663,62.620457,60.495019,62.495124,1537760
2022-06-29,62.081787,62.404422,61.582496,62.3577,1210209
2022-06-30,62.170521,63.196734,60.426588,61.626237,1988200
2022-07-01,61.897606,63.235759,60.707922,62.744389,1575137
2022-07-04,62.863626,65.084607,62.022283,64.257855,1890625
2022-07-05,64.068301,64.471821,62.391131,62.429357,2878361
2022-07-06,62.408914,63.066321,61.726298,62.196583,3020471
2022-07-07,61.763453,63.928623,61.554314,63.402511,1207960
2022-07-08,63.26943,63.961609,63.159361,63.447764,1277856
2022-07-11,63.887891,65.565491,60.910387,62.370656,2386509
2022-07-12,62.151511,62.273551,61.9386,62.085523,2177447
2022-07-13,61.830958,61.922534,59.821438,60.975962,2309933
2022-07-14,60.834612,60.97692,59.243836,59.327719,2389581
2022-07-15,58.920495,60.258659,58.423239,59.866392,2790806
2022-07-18,60.118562,60.461051,57.906312,58.201908,2271665
2022-07-19,57.682943,58.544135,56.993871,58.235379,2303382
2022-07-20,57.923243,58.660717,56.958039,57.089932,1989430
2022-07-21,57.186822,58.007066,56.048618,57.673497,1459732
2022-07-22,57.000257,57.906972,55.910756,57.101245,2127710
2022-07-25,57.632562,57.861246,55.760993,56.813631,2391108
2022-07-26,57.278193,57.380344,54.788181,55.070949,1404718
2022-07-27,55.098404,55.790084,54.703377,55.499049,3495885
2022-07-28,55.925194,56.537724,54.573455,54.870437,2736313
2022-07-29,54.982593,55.635118,52.955575,54.017462,1167880
2022-08-01,54.236929,54.670124,53.687052,54.502068,2204170
2022-08-02,54.893943,55.861645,54.494426,55.316091,1766497
2022-08-03,56.070334,57.479557,55.88645,56.957394,3226989
2022-08-04,57.06187,57.389773,56.376311,56.82468,2747159
2022-08-05,57.661389,58.083389,55.849587,57.005924,2696679
2022-08-08,57.414124,58.128983,55.771321,55.837996,2141602
2022-08-09,56.406813,56.52764,54.72184,55.177898,2472027
2022-08-10,55.221763,56.871189,54.872479,56.463763,2735911
2022-08-11,56.626191,57.243261,55.265976,55.683419,1338424
2022-08-12,56.468544,58.376093,56.378668,57.736824,2080886
2022-08-15,57.558134,57.841405,55.826348,55.958058,1945733
2022-08-16,55.588252,56.961297,54.904268,55.972464,2035918
2022-08-17,56.779389,57.092068,54.616635,55.688925,2662163
2022-08-18,55.042116,55.057834,54.356543,54.931499,1750880
2022-08-19,55.275472,55.680223,54.638861,54.64954,1350183
2022-08-22,54.451128,55.236832,53.70479,54.423261,1368726
2022-08-23,54.382827,55.149741,54.239172,54.579147,2504322
2022-08-24,54.010833,55.060345,53.013236,54.40301,1376650
2022-08-25,54.354588,55.642982,53.987193,55.495207,1720578
2022-08-26,55.058756,58.342425,54.933671,58.05784,2293559
2022-08-29,58.048237,58.657768,57.525266,58.460803,1534498
2022-08-30,58.627049,59.092281,57.676237,58.803902,1120639
2022-08-31,58.305786,58.851506,56.433221,57.561459,1928949
2022-09-01,57.910029,58.425694,56.225778,57.075949,2101359
2022-09-02,57.399697,58.976701,54.725463,55.215411,1335206
2022-09-05,54.524055,56.190511,53.849201,55.975732,2348917
2022-09-06,55.815474,55.827919,54.041869,54.205903,1398893
2022-09-07,53.959466,55.81064,53.289576,55.161737,1146832
2022-09-08,56.361031,56.39819,53.53203,54.158642,2432077
2022-09-09,54.169032,55.43589,52.893832,54.65267,2118140
2022-09-12,54.199425,56.566889,53.70415,55.101698,2070481
2022-09-13,55.168012,55.369407,52.932586,52.980764,1269783
2022-09-14,52.571607,54.231358,51.956665,52.424878,1077707
2022-09-15,52.191947,53.013347,52.007664,52.844117,1828613
2022-09-16,53.272836,54.504797,52.864426,53.246096,1666815
2022-09-19,53.251185,54.235163,53.186301,53.99602,1517807
2022-09-20,54.040803,54.402908,53.456238,53.482065,1944429
2022-09-21,53.848334,54.474439,52.883506,53.423701,2487897
2022-09-22,54.078398,56.006496,54.044051,55.316098,1427041
2022-09-23,55.43854,55.878495,54.616586,55.207458,1997239
2022-09-26,54.851265,56.983177,54.627553,56.09152,1863054
2022-09-27,56.081,56.122322,55.53595,55.628746,3791416
2022-09-28,55.744187,56.087143,53.468636,54.025773,1708628
2022-09-29,53.987486,55.713071,53.668882,54.728935,1469082
2022-09-30,54.960942,55.827489,54.240811,55.177966,2050685
2022-10-03,54.942412,56.201432,54.870846,56.110341,4506932
2022-10-04,56.754423,56.827681,54.733158,54.943811,1449731
2022-10-05,55.123465,55.942223,53.823415,54.313941,1559019
2022-10-06,53.792796,54.260521,52.059923,52.093382,1884123
2022-10-07,52.108613,53.719578,51.55378,52.96932,1405116
2022-10-10,53.215415,53.796739,52.630894,53.65772,2498421
2022-10-11,53.81031,54.083179,52.075121,52.80967,1495247
2022-10-12,53.325318,53.478204,52.416441,52.439827,2082235
2022-10-13,52.122888,52.76818,51.544685,52.236021,1861067
2022-10-14,51.753501,54.102261,51.482122,53.901307,2644622
2022-10-17,54.194614,55.510757,53.773323,54.58263,2924330
2022-10-18,54.45093,56.31261,54.170363,55.685198,2227480
2022-10-19,55.570365,56.103522,55.317872,55.318659,1573007
2022-10-20,55.61599,55.828626,54.804195,54.850237,2132731
2022-10-21,54.534537,56.276979,53.970255,56.09195,1730169
2022-10-24,55.643657,56.382014,53.725358,54.061189,2140163
2022-10-25,53.693264,54.929127,53.410395,54.877699,1772947
2022-10-26,55.122689,55.679438,52.672095,53.326694,1938734
2022-10-27,53.283223,54.700366,52.647075,54.357947,1693345
2022-10-28,54.117852,55.242613,53.84465,54.711833,2109038
2022-10-31,54.027907,54.655026,53.310598,53.667834,3647932
2022-11-01,53.897168,54.478951,53.638537,54.018903,3233578
2022-11-02,53.671182,54.042382,52.279697,52.731102,1871505
2022-11-03,52.944894,53.016123,51.543802,51.797853,2184875
2022-11-04,51.667821,51.957686,50.451188,51.49582,1230868
2022-11-07,51.590094,52.210854,50.337433,50.732492,2510733
2022-11-08,50.515441,53.120996,50.161504,51.812464,2681431
2022-11-09,51.921585,54.096567,50.950562,53.78742,1264464
2022-11-10,53.108203,53.629396,52.909103,53.45027,1368471
2022-11-11,53.199931,53.618077,52.908173,53.455228,1315430
2022-11-14,53.629625,54.711676,52.997975,54.207438,1909738
2022-11-15,54.703957,54.734843,53.324326,53.710274,1524603
2022-11-16,53.868112,54.261319,53.193497,54.222529,2392627
2022-11-17,53.995767,54.336079,51.719275,52.122364,2238214
2022-11-18,51.92364,52.007486,51.583323,51.671894,1300780
2022-11-21,51.702895,51.9693,49.621024,50.138892,1508782
2022-11-22,49.775242,50.240592,48.021072,48.451582,1799033
2022-11-23,48.760049,49.612281,48.404297,49.580641,1818423
2022-11-24,50.194757,50.222596,48.545377,49.069246,2620091
2022-11-25,48.917636,51.126829,48.685101,50.648205,2380720
2022-11-28,49.967416,52.461241,48.877268,51.883788,3396448
2022-11-29,51.637727,52.336085,50.907487,51.582408,1037208
2022-11-30,51.520647,51.927984,50.860861,51.154196,4485339
2022-12-01,50.980398,51.156844,50.012263,50.409343,2433173
2022-12-02,50.791089,50.814046,47.68206,48.090314,1879479
2022-12-05,48.388603,48.764741,47.80588,47.874874,1495276
2022-12-06,47.637209,48.11387,47.298501,47.600918,2510032
2022-12-07,47.950122,47.968071,46.769984,46.964459,3106033
2022-12-08,47.449188,47.84603,45.556189,46.116824,2499911
2022-12-09,45.905005,46.396017,45.865058,46.223684,1372666
2022-12-12,46.194169,46.240025,45.811593,46.078907,1011536
2022-12-13,46.095654,46.588676,45.749406,46.181761,893205
2022-12-14,46.365552,46.379755,45.672305,45.782363,789078
2022-12-15,45.586509,46.675781,45.291334,46.648812,576181
2022-12-16,46.608225,47.170639,46.582672,46.769235,951616
2022-12-19,46.680143,46.75506,46.644668,46.707524,1403017
2022-12-20,46.594983,46.692246,46.266693,46.41273,1834813
2022-12-21,46.387448,46.499131,46.047506,46.077504,1014188
2022-12-22,46.17374,46.526421,45.999398,46.479559,627664
2022-12-23,46.561456,46.762279,46.205334,46.271641,917061
2022-12-26,46.442757,46.446134,46.168138,46.346701,1147555
2022-12-27,46.283298,46.940269,46.026304,46.531264,1652646
2022-12-28,46.550625,46.64293,46.133039,46.300116,1070912
2022-12-29,46.368282,46.777736,46.255401,46.464597,1483934
2022-12-30,46.652662,46.701303,45.647714,45.692606,1241321
2023-01-02,45.579598,45.661313,45.075888,45.435004,1161177
2023-01-03,45.437921,45.454518,44.577079,44.712518,1126779
2023-01-04,44.592785,44.969783,44.546879,44.67718,1109526
2023-01-05,44.725845,44.806731,44.363183,44.533405,938613
2023-01-06,44.344094,45.624725,44.235936,45.284905,1007539
2023-01-09,45.1376,45.258291,44.391354,44.874495,871226
2023-01-10,44.878085,45.020029,44.713519,45.013946,1270843
2023-01-11,44.876583,45.427712,44.869885,45.180774,654971
2023-01-12,45.220327,46.067845,45.032046,45.744128,784598
2023-01-13,45.638812,46.042247,45.583514,45.864407,1319920
2023-01-16,45.573608,46.296761,45.129371,46.17199,764619
2023-01-17,46.080417,47.213661,46.001759,46.892064,1144382
2023-01-18,47.030844,47.166639,45.84867,46.102529,896795
2023-01-19,46.152332,46.274721,45.937109,45.997361,670907
2023-01-20,46.067987,46.302529,45.741414,45.873743,1013905
2023-01-23,45.526664,45.997695,45.472053,45.880861,1498421
2023-01-24,45.815022,46.145687,45.582594,45.635178,932459
2023-01-25,45.709212,46.184559,45.577062,46.127846,1273391
2023-01-26,46.094426,46.185765,45.593628,45.81336,1308985
2023-01-27,45.915292,46.188819,45.550074,45.607747,665501
2023-01-30,45.669926,45.991297,45.580482,45.842784,1292893
2023-01-31,45.773177,45.983141,45.313598,45.518223,855196
2023-02-01,45.638633,45.885887,45.048965,45.15333,1360998
2023-02-02,45.339722,45.355131,44.467822,44.694574,917145
2023-02-03,44.788236,44.994248,44.305431,44.721664,1238479
2023-02-06,44.801523,45.513293,44.475647,45.139732,2582934
2023-02-07,44.991912,45.481729,44.650863,45.411177,863595
2023-02-08,45.43072,45.752684,45.284971,45.564764,716622
2023-02-09,45.599196,45.68151,45.560539,45.600614,1050347
2023-02-10,45.478088,45.780537,45.250555,45.378451,1266410
2023-02-13,45.337072,45.503751,44.932856,45.383398,1633917
2023-02-14,45.302227,45.560012,44.765124,44.896722,1574618
2023-02-15,45.046121,45.089867,44.65481,45.043068,939116
2023-02-16,44.918402,45.539445,44.119543,45.437458,897367
2023-02-17,45.463365,45.638386,44.290004,44.731447,687571
2023-02-20,44.725826,45.410543,44.713687,45.381303,790034
2023-02-21,45.447425,45.465714,44.177242,44.423184,999787
2023-02-22,44.417012,44.552108,43.941421,44.265873,1404643
2023-02-23,44.158225,44.245413,43.782532,43.872242,1584411
2023-02-24,43.901459,44.436414,43.536857,43.657592,766162
2023-02-27,43.889438,43.991988,43.408506,43.558999,832898
2023-02-28,43.614356,44.189306,43.481016,44.075648,1052042
2023-03-01,44.201168,44.505309,43.599189,43.610035,1136907
2023-03-02,43.420057,43.73546,43.229051,43.326277,1187106
2023-03-03,43.539775,43.890011,42.942209,43.087897,654238
2023-03-06,43.22943,43.260479,42.907208,42.917285,706406
2023-03-07,42.904418,42.986351,42.421059,42.702793,1318826
2023-03-08,42.784967,42.814504,42.047064,42.232466,1435137
2023-03-09,42.431946,42.46401,42.280447,42.404886,829209
2023-03-10,42.397891,42.505156,42.212162,42.333719,1031678
2023-03-13,42.20748,43.11901,41.983083,42.729046,1285536
2023-03-14,42.824995,43.284325,42.651598,43.150939,1111283
2023-03-15,43.122736,43.213681,42.213278,42.493098,750948
2023-03-16,42.552482,43.242915,42.548049,43.203175,1083233
2023-03-17,43.165446,43.308588,43.083375,43.300105,720060
2023-03-20,43.119638,43.984725,43.001403,43.787173,1161986
2023-03-21,43.730389,43.839182,43.493352,43.683457,914285
2023-03-22,43.74656,44.305284,43.703233,43.959998,803761
2023-03-23,43.826708,44.477496,43.711,44.147399,1017718
2023-03-24,44.34431,44.763209,44.187818,44.661951,812251
2023-03-27,44.415444,44.697115,44.203168,44.347244,711227
2023-03-28,44.239604,44.621296,44.113912,44.161723,1196126
2023-03-29,44.193325,44.2632,44.072684,44.096901,814652
2023-03-30,44.119171,44.668989,44.019339,44.654784,1479816
2023-03-31,44.751475,45.423105,44.59824,45.195686,1398887
2023-04-03,45.215423,45.285034,44.520124,44.673873,1287439
2023-04-04,44.871088,45.042759,44.809355,44.978973,664535
2023-04-05,44.920352,45.058097,44.698019,44.933019,1198329
2023-04-06,45.00621,45.026852,44.593048,44.858484,767331
2023-04-07,44.777461,45.201914,44.569565,45.101274,1356002
2023-04-10,45.243735,46.196304,44.850678,45.839991,736162
2023-04-11,45.8151,46.390626,45.786747,45.988316,923848
2023-04-12,45.950665,46.492466,45.755274,45.795256,1228552
2023-04-13,45.794457,45.920049,45.419728,45.58452,857947
2023-04-14,45.47196,46.301416,45.344424,45.843569,887706
2023-04-17,45.796816,45.955809,45.527165,45.933545,1040418
2023-04-18,45.734664,46.649451,45.593273,46.413095,952128
2023-04-19,46.374862,47.061908,46.329195,46.951572,1077432
2023-04-20,46.942555,47.072838,46.673076,47.002089,1068516
2023-04-21,47.084693,47.434298,47.044555,47.279151,683753
2023-04-24,47.225063,47.990946,47.064339,47.981738,2047521
2023-04-25,47.813892,48.694386,47.671538,48.467306,1414484
2023-04-26,48.461648,48.547557,47.916845,48.032452,1168151
2023-04-27,47.954215,47.954268,47.423081,47.511982,813199
2023-04-28,47.393594,47.568823,46.841733,47.038072,1344508
2023-05-01,47.259848,47.497333,46.09761,46.399283,873769
2023-05-02,46.369177,46.766501,46.339648,46.686188,1026426
2023-05-03,47.054211,47.137903,46.099359,46.148549,943101
2023-05-04,46.103384,46.745487,45.731353,46.541828,1068342
2023-05-05,46.408123,46.524572,45.790473,46.168543,1678872
2023-05-08,46.137612,46.652554,45.718992,46.651214,891199
2023-05-09,46.546917,46.929463,46.283038,46.871794,1500589
2023-05-10,46.967968,47.305524,46.671032,46.932449,1162265
2023-05-11,46.868172,47.277793,46.852541,47.141383,780222
2023-05-12,47.145844,47.354021,46.410774,46.591977,2005803
2023-05-15,46.694799,46.727348,45.639771,45.672432,1260617
2023-05-16,45.661345,45.7559,45.526285,45.602365,650755
2023-05-17,45.628366,45.837783,45.574417,45.812877,910497
2023-05-18,45.741375,45.945505,44.824379,45.262029,776225
2023-05-19,45.378884,45.945749,45.367252,45.626438,784125
2023-05-22,45.837132,46.105595,45.647389,45.832124,789095
2023-05-23,45.808876,46.118294,45.717905,45.864382,1020979
2023-05-24,45.74628,46.034308,45.529636,45.980852,1057232
2023-05-25,45.999399,46.077724,45.743084,45.938159,1249844
2023-05-26,46.158471,46.223502,45.881584,46.016527,1022329
2023-05-29,45.995579,46.100147,45.378499,45.493699,1021149
2023-05-30,45.678497,46.131715,45.558686,46.018249,1560566
2023-05-31,45.914309,46.137126,45.47356,46.09296,826003
2023-06-01,46.075941,46.439344,45.935667,46.316879,1166771
2023-06-02,46.451429,46.60134,45.928063,45.98231,1369705
2023-06-05,46.021354,46.329178,45.270265,45.429901,1376311
2023-06-06,45.379818,46.064209,45.348053,46.030493,804017
2023-06-07,46.25384,46.544482,45.142798,45.343711,889515
2023-06-08,45.344075,45.375814,45.200658,45.319764,984402
2023-06-09,45.33985,45.528162,45.265617,45.287315,1237669
2023-06-12,45.261393,45.416485,45.192475,45.403461,1391476
2023-06-13,45.304383,45.73264,45.050629,45.529317,968447
2023-06-14,45.557225,45.720515,45.339063,45.512232,1558447
2023-06-15,45.67546,45.701996,44.754342,44.941013,1208989
2023-06-16,44.93055,44.9773,44.775143,44.92387,816076
2023-06-19,45.079892,45.225164,44.870069,44.899323,1323690
2023-06-20,44.799196,45.144274,44.665742,45.130269,600590
2023-06-21,45.160197,45.342969,45.07014,45.201944,968581
2023-06-22,45.286829,45.730873,44.814449,45.66517,562825
2023-06-23,45.733072,46.11073,45.54732,45.951666,1045416
2023-06-26,45.933466,46.158651,44.860094,45.393872,1380301
2023-06-27,45.161374,45.640908,44.976938,45.514495,1245387
2023-06-28,45.500187,45.822424,45.445333,45.687616,508335
2023-06-29,45.802884,45.928558,45.058218,45.463599,1102966
2023-06-30,45.54589,46.317404,45.430432,46.130412,1220604
2023-07-03,46.121128,46.39832,45.682075,45.812587,1283370
2023-07-04,45.985798,46.155735,45.141624,45.340001,1226184
2023-07-05,45.212726,45.324857,44.599711,44.700664,1281054
2023-07-06,44.755473,45.074143,44.425046,44.61847,665473
2023-07-07,44.823625,44.859368,44.273834,44.455899,990173
2023-07-10,44.650404,44.685243,44.107043,44.341135,835484
2023-07-11,44.582659,44.594946,43.188946,43.495522,987755
2023-07-12,43.354025,43.881924,43.10698,43.638791,1085097
2023-07-13,43.594946,44.159414,43.54028,44.085154,783549
2023-07-14,44.108017,44.276943,43.47013,43.778019,869493
2023-07-17,43.878521,44.417417,43.69268,44.078727,1193475
2023-07-18,43.940748,43.979432,43.352501,43.805452,854674
2023-07-19,43.891132,44.152119,43.083663,43.088578,1772674
2023-07-20,42.88377,44.713556,42.608376,44.307328,2057545
2023-07-21,44.287968,44.743318,43.647035,44.708233,2959991
2023-07-24,44.290034,46.34902,43.782999,45.388999,1823235
2023-07-25,45.568362,48.31152,45.458104,47.382071,1266025
2023-07-26,46.852187,47.728873,46.496799,47.036813,1523595
2023-07-27,47.155157,47.737558,46.571459,47.032845,2096617
2023-07-28,46.691219,47.235604,46.489506,47.128952,1216191
2023-07-31,46.911647,48.822525,45.904418,48.439315,1566311
2023-08-01,48.619041,49.171849,48.297801,49.117358,1557831
2023-08-02,49.214238,50.03506,48.010949,48.123989,3579231
2023-08-03,47.772879,47.894864,46.888484,47.458995,2537788
2023-08-04,46.79022,48.860939,46.605457,47.879158,1583385
2023-08-07,47.939189,49.071967,47.608135,48.26468,1526467
2023-08-08,48.328736,49.052223,47.702702,48.623385,1388343
2023-08-09,48.191647,49.125145,47.868157,49.066935,2057011
2023-08-10,49.597011,49.618163,48.753606,48.781714,1969827
2023-08-11,49.040664,49.553546,49.013247,49.390141,1309696
2023-08-14,48.958021,50.12132,48.7424,49.8972,2218976
2023-08-15,50.16629,50.380449,48.582758,48.912421,2766129
2023-08-16,48.521789,48.627728,47.235103,47.819296,2337341
2023-08-17,48.271055,49.28385,47.37328,48.174044,2017467
2023-08-18,48.664948,48.965381,47.310359,47.699488,3026400
2023-08-21,48.209817,48.354283,46.136125,46.395878,2208918
2023-08-22,46.050832,47.812054,46.024273,47.276386,2171177
2023-08-23,47.233095,47.715872,47.135469,47.346686,1252708
2023-08-24,47.183714,48.232005,46.988391,47.967146,659905
2023-08-25,47.842257,48.096122,47.700441,47.883563,1576272
2023-08-28,48.152933,48.54004,47.939268,47.961773,1054892
2023-08-29,47.981307,48.182755,47.303313,47.36369,982262
2023-08-30,47.334192,48.352136,47.152292,48.092387,1237250
2023-08-31,48.069778,48.344216,47.778947,48.282642,731210
2023-09-01,48.17445,49.144614,48.023934,48.677218,780186
2023-09-04,48.606211,48.771492,48.39841,48.541335,1135277
2023-09-05,48.611664,48.619683,48.321196,48.568311,1168967
2023-09-06,48.529514,48.815413,48.320774,48.740171,675490
2023-09-07,48.690923,48.766312,48.260408,48.41484,954053
2023-09-08,48.391554,48.443927,47.753501,48.156705,766485
2023-09-11,48.171194,49.205616,48.032339,49.101145,887768
2023-09-12,49.079598,49.242705,49.046772,49.140603,738001
2023-09-13,49.075399,49.081423,48.697694,48.860688,1257542
2023-09-14,48.804794,48.944515,48.285826,48.309419,1064334
2023-09-15,48.370276,48.583242,47.712612,47.910555,738449
2023-09-18,47.867079,48.310002,47.670075,48.141054,1131955
2023-09-19,48.114682,48.15966,47.554896,47.721351,998005
2023-09-20,47.634904,48.001378,47.105395,47.347836,984872
2023-09-21,47.33706,47.454607,46.883996,47.341426,653203
2023-09-22,47.409985,47.822537,47.357507,47.522978,714194
2023-09-25,47.290169,48.25149,47.105555,48.07522,922923
2023-09-26,48.101187,48.366138,47.519948,47.66543,758769
2023-09-27,47.748654,47.971869,47.450303,47.454405,869980
2023-09-28,47.458377,47.943474,47.268349,47.670506,1169281
2023-09-29,47.591028,47.830992,47.056417,47.456449,1231066
2023-10-02,47.580488,48.054527,47.571387,47.874264,955125
2023-10-03,48.001664,48.276447,47.63013,47.636558,892024
2023-10-04,47.520881,47.990365,46.834458,47.130189,579771
2023-10-05,47.189332,47.216318,46.641579,46.929182,969359
2023-10-06,46.958948,47.061463,46.270845,46.331569,863003
2023-10-09,46.07539,46.300124,45.823857,46.223799,881583
2023-10-10,46.266265,46.473779,46.10872,46.464908,1187662
2023-10-11,46.28886,46.684626,46.096492,46.474594,672267
2023-10-12,46.478443,46.545501,46.407357,46.448304,1216728
2023-10-13,46.262144,46.59441,45.589773,45.944186,732838
2023-10-16,46.009251,46.29653,45.651532,45.728989,645949
2023-10-17,46.022972,46.28378,45.507053,45.624956,756351
2023-10-18,45.546911,45.875103,45.412741,45.765346,714962
2023-10-19,45.648009,47.126175,45.552858,46.820478,960192
2023-10-20,46.616428,46.892439,46.253201,46.396474,1693850
2023-10-23,46.266666,46.96364,45.920983,46.878533,1625541
2023-10-24,47.010841,47.267783,45.98841,46.344597,904643
2023-10-25,46.350118,46.439059,45.656758,46.015201,934897
2023-10-26,45.800143,46.043514,45.160942,45.275174,1453133
2023-10-27,45.244963,45.406955,44.712821,45.087512,1328416
2023-10-30,45.039918,45.651396,44.901315,45.562063,774624
2023-10-31,45.636329,45.728792,45.272264,45.501336,1163588
2023-11-01,45.439664,46.316859,45.084646,46.032758,1090475
2023-11-02,46.081881,46.160034,45.60928,45.766089,1385413
2023-11-03,45.752608,46.492532,45.525566,46.267202,2144472
2023-11-06,46.054614,46.255549,45.553617,45.980471,957168
2023-11-07,45.849919,46.513053,45.527654,46.411469,1238838
2023-11-08,46.576105,47.087555,46.481397,47.052754,1018627
2023-11-09,47.098181,47.356651,46.617899,46.87879,1057377
2023-11-10,46.902369,47.267857,46.309706,46.357377,781862
2023-11-13,46.354628,47.429292,46.299478,47.22881,908981
2023-11-14,47.019393,47.24003,46.636552,46.748785,1160092
2023-11-15,46.713791,47.104618,46.522621,46.601768,777245
2023-11-16,46.655792,46.69151,46.502252,46.512597,1117647
2023-11-17,46.605346,46.995022,46.510633,46.929686,1087272
2023-11-20,47.06317,47.333812,46.872326,47.177807,941421
2023-11-21,47.227852,47.542516,46.989928,47.438732,1835874
2023-11-22,47.515915,47.526465,47.076316,47.30233,1335133
2023-11-23,47.231934,47.294597,47.226318,47.260074,1263896
2023-11-24,47.44366,47.638816,47.364414,47.637279,1380629
2023-11-27,47.514614,48.407235,47.354586,48.319907,1038717
2023-11-28,48.366315,48.51091,47.465974,47.698948,894813
2023-11-29,47.668211,48.396317,47.651948,48.355363,1191054
2023-11-30,48.523938,48.944247,48.410396,48.700103,1101620
2023-12-01,48.685245,49.525002,48.566793,48.962413,1256660
2023-12-04,49.06378,49.303603,48.253102,48.641844,1059526
2023-12-05,48.552573,48.960362,48.406413,48.759347,939217
2023-12-06,48.921216,48.969453,48.409828,48.93987,873858
2023-12-07,49.071882,49.265186,48.343189,48.659496,707471
2023-12-08,48.870851,49.305494,48.784314,49.250852,707590
2023-12-11,49.217825,49.354509,48.934805,48.983947,1444996
2023-12-12,49.110728,49.930151,49.064631,49.73865,1014108
2023-12-13,49.841181,50.143199,48.433254,48.991849,1084077
2023-12-14,49.152371,49.234788,48.267119,48.531444,810904
2023-12-15,48.635751,48.817687,47.713572,47.809362,837639
2023-12-18,47.841271,48.476734,47.566511,48.256963,1154237
2023-12-19,48.417729,48.709926,47.724115,47.829693,1052738
2023-12-20,47.491693,47.714374,47.389539,47.571383,1541857
2023-12-21,47.538275,48.186987,47.318142,48.033478,510427
2023-12-22,47.930972,49.090532,47.748946,48.751045,1037380
2023-12-25,48.91222,49.245149,48.129108,48.344577,1098263
2023-12-26,48.329481,49.209727,48.279149,49.034962,853475
2023-12-27,49.143818,49.303919,49.099459,49.200448,1199146
2023-12-28,49.229941,49.497858,48.77787,49.200326,890077
2023-12-29,49.356486,49.435515,48.296617,48.702854,1002373
2024-01-01,48.822204,48.82493,47.710987,48.190752,1685842
2024-01-02,48.201691,48.4228,48.166984,48.323784,716616
2024-01-03,48.401062,48.768041,48.080646,48.390761,1143448
2024-01-04,48.402635,48.600205,47.758108,48.109053,847104
2024-01-05,48.061807,48.189656,47.686351,47.751488,686775
2024-01-08,47.827436,48.246733,47.143477,47.269322,1127260
2024-01-09,47.480054,47.663959,47.391909,47.52128,493837
2024-01-10,47.790686,48.926151,47.605139,48.088226,2213028
2024-01-11,47.887422,48.782698,47.146732,48.648613,1255044
2024-01-12,48.920692,49.793916,48.875929,49.114705,1904527
2024-01-15,48.9048,48.978849,47.83544,48.475637,1566306
2024-01-16,47.640777,50.442203,47.490327,50.090732,2546806
2024-01-17,49.828708,50.172188,48.52806,48.815546,2034357
2024-01-18,48.883629,50.011661,48.262125,49.516563,2192077
2024-01-19,49.110829,50.337679,48.87968,48.975185,1279117
2024-01-22,49.049517,49.738893,47.737845,47.93938,2788347
2024-01-23,48.292888,48.592795,47.401411,47.438564,1581124
2024-01-24,47.434559,48.215322,47.216261,47.987432,2896654
2024-01-25,48.131082,48.95575,47.544512,48.905162,1455526
2024-01-26,48.841228,49.099664,48.562205,49.03665,2739827
2024-01-29,48.369756,48.430856,44.990499,46.209203,2545318
2024-01-30,46.293324,48.134673,45.726623,47.265639,2750537
2024-01-31,47.071441,48.213327,45.045715,45.124077,1456308
2024-02-01,45.217158,47.387351,44.60213,47.166939,1748727
2024-02-02,46.636021,47.101664,46.375798,47.016309,1988064
2024-02-05,47.082029,47.462635,46.69916,47.136025,2405674
2024-02-06,47.302599,48.101933,46.787944,48.024429,3502752
2024-02-07,48.440599,48.520185,47.423638,47.582002,1865826
2024-02-08,47.662594,48.164847,46.923338,47.365678,1957502
2024-02-09,47.01312,47.590959,46.353338,47.001312,1771707
2024-02-12,47.028071,47.47808,46.957096,47.136388,2806520
2024-02-13,46.611727,47.633747,46.46983,47.154277,1628549
2024-02-14,46.642903,47.372357,46.469809,47.325688,1585131
2024-02-15,47.414368,47.418199,43.803638,44.24477,2438919
2024-02-16,44.410906,44.729845,43.275003,44.572659,1808914
2024-02-19,44.64963,44.784452,42.688051,43.100308,3439016
2024-02-20,43.426803,45.734209,43.291869,45.685976,2021690
2024-02-21,45.925789,46.032028,45.673123,45.970447,1060050
2024-02-22,46.147525,47.315471,46.117496,46.744846,1734727
2024-02-23,46.309578,47.146918,46.023911,47.02927,1180355
2024-02-26,46.852769,47.862458,46.544692,47.575949,1871066
2024-02-27,47.643155,48.387875,46.019405,46.616242,1769350
2024-02-28,46.234955,48.112491,45.689811,47.455843,1819132
2024-02-29,47.13038,49.29598,46.422249,48.100641,1227975
2024-03-01,47.682939,48.59556,47.244964,48.135897,2255330
2024-03-04,47.96056,48.852262,47.654833,48.835241,1403922
2024-03-05,48.903591,50.284421,48.69208,49.727667,3581593
2024-03-06,50.099235,50.226824,49.36676,49.568509,2997413
2024-03-07,49.598341,50.224646,48.389347,48.466726,1278089
2024-03-08,48.382464,49.467531,48.284447,49.391974,2120436
2024-03-11,49.103704,50.965204,48.323903,50.729885,1840658
2024-03-12,51.145638,51.556513,49.009763,49.3084,2479519
2024-03-13,49.400467,50.757392,49.086151,50.640979,1978329
2024-03-14,50.8775,51.045662,50.607516,50.66465,2141697
2024-03-15,50.369737,51.768801,50.326324,51.248345,1431074
2024-03-18,50.886034,52.868184,50.379374,51.990873,1292166
2024-03-19,52.086758,52.619947,50.545566,50.763802,1145871
2024-03-20,50.814894,51.321275,49.921191,51.207639,2558633
2024-03-21,51.59903,53.365895,51.023211,52.152844,2210596
2024-03-22,51.965896,54.026837,51.727137,53.465083,2285043
2024-03-25,53.405715,55.43418,53.050511,54.160952,1879797
2024-03-26,54.011054,54.274017,52.685556,53.030631,2057171
2024-03-27,53.3776,54.375429,53.008805,53.38013,1528490
2024-03-28,53.142153,53.666392,52.206667,53.031509,2273891
2024-03-29,53.294912,53.836436,52.303343,53.11633,1444069
2024-04-01,53.116957,54.645268,52.419085,54.253059,1763953
2024-04-02,54.450539,54.764965,52.557483,52.57116,1845911
2024-04-03,53.013151,53.445754,52.80713,53.336392,1689914
2024-04-04,53.515829,54.467753,52.900961,53.660107,1512355
2024-04-05,54.296273,54.434403,51.775841,52.554356,2132273
2024-04-08,52.680576,54.05118,52.445807,53.876965,2008579
2024-04-09,53.311717,53.360937,52.089381,53.021707,1942020
2024-04-10,53.155755,53.935227,52.845423,53.162213,1999268
2024-04-11,53.111168,53.822807,50.423646,50.442197,2068574
2024-04-12,50.196614,52.930195,49.757633,51.951278,1758319
2024-04-15,51.903187,52.055572,51.136343,51.399912,1115653
2024-04-16,51.144181,51.256321,51.04166,51.127601,2136336
2024-04-17,51.270892,52.909104,50.923985,52.641686,1125354
2024-04-18,52.743185,52.815399,49.860029,50.402661,2384946
2024-04-19,50.682884,51.61789,50.302529,51.583613,2096931
2024-04-22,51.788952,52.665119,51.325391,52.461621,1461803
2024-04-23,52.675552,52.910226,50.243048,50.263202,1546370
2024-04-24,49.862669,51.415488,49.640929,50.81982,1767770
2024-04-25,50.746226,51.099261,49.891077,50.31936,2529954
2024-04-26,49.749019,50.271944,48.40073,49.318066,2629586
2024-04-29,49.503816,50.243315,47.83026,48.179591,3300621
2024-04-30,48.187735,49.220543,47.395717,49.019615,2448686
2024-05-01,49.10825,50.224132,48.292527,50.014091,1499424
2024-05-02,49.993743,50.934527,48.104434,48.728854,1499214
2024-05-03,48.824829,49.424803,46.835344,47.973826,3508721
2024-05-06,47.402643,49.339087,46.948939,48.85109,3002437
2024-05-07,48.952885,51.3624,48.743526,51.097465,2130301
2024-05-08,51.639773,52.27599,49.092705,49.169693,3136725
2024-05-09,49.286536,49.754853,47.78923,48.001071,1395172
2024-05-10,47.878726,49.043586,45.909505,47.106075,3385675
2024-05-13,47.485258,48.339073,46.12125,46.20578,2312276
2024-05-14,46.301726,47.537082,45.404043,47.404811,2272534
2024-05-15,47.516264,48.176324,46.060749,46.229643,1801854
2024-05-16,46.783696,49.213198,46.064449,48.513574,1247705
2024-05-17,48.653906,48.673884,48.091592,48.586936,2210797
2024-05-20,48.405787,49.74942,47.858643,49.558357,3708967
2024-05-21,49.31522,50.309633,48.267657,50.015021,1839360
2024-05-22,50.35302,50.886437,48.143162,48.884002,1643177
2024-05-23,48.417577,48.46004,47.128713,47.656937,1818093
2024-05-24,47.517675,48.911335,47.108798,48.737825,2037014
2024-05-27,48.545686,50.731594,48.176646,49.763846,1469311
2024-05-28,50.062064,50.655981,49.440869,50.019975,2399075
2024-05-29,49.961078,50.164992,49.261608,49.961648,1591831
2024-05-30,50.018157,50.102257,49.614151,50.049465,2898010
2024-05-31,49.497452,50.457543,49.027054,50.241569,1285245
2024-06-03,50.091689,50.501608,48.570559,48.829443,2620958
2024-06-04,48.822068,49.407249,48.516858,49.079497,1614130
2024-06-05,49.067228,49.156951,48.892167,49.02409,2097372
2024-06-06,49.024569,49.230899,46.943089,47.268448,2178294
2024-06-07,47.435451,48.395954,44.78273,44.968104,1960718
2024-06-10,45.035176,45.199323,44.727764,45.048803,1779016
2024-06-11,45.408148,45.751389,42.486678,43.177356,2834405
2024-06-12,43.04322,43.557812,41.30686,41.399966,1539150
2024-06-13,41.370472,41.780169,40.133109,40.195288,2852755
2024-06-14,40.08965,40.809336,40.077753,40.508945,999593
2024-06-17,40.887106,41.022581,40.34725,40.400633,2138004
2024-06-18,40.707147,41.385215,40.14976,40.457717,1301713
2024-06-19,40.138263,42.05437,40.058209,41.850453,1961445
2024-06-20,41.533557,42.955082,41.26968,42.059372,1308855
2024-06-21,42.287227,43.845627,42.269644,43.349043,1447383
2024-06-24,43.615391,43.637621,42.47919,43.295833,1485063
2024-06-25,43.434497,44.652941,43.426018,44.23424,1665439
2024-06-26,43.85104,45.721053,43.535014,45.502888,1074756
2024-06-27,45.349153,47.763624,45.032205,47.162087,2120610
2024-06-28,46.980258,47.024099,46.232115,46.671542,1777994
2024-07-01,46.599279,47.466487,45.115384,45.579991,1761967
2024-07-02,45.530511,45.820196,45.410674,45.767729,2147231
2024-07-03,45.326737,47.724537,45.261051,46.997699,1439129
2024-07-04,46.80859,49.168275,45.863308,48.317807,2054342
2024-07-05,48.162178,48.785079,47.749566,48.212684,2130754
2024-07-08,47.615466,48.665634,47.003448,48.566971,2710762
2024-07-09,49.054587,50.657664,48.898761,50.090273,2577222
2024-07-10,50.591974,51.373361,49.820496,50.00696,1828820
2024-07-11,49.757191,51.220679,48.774476,50.68347,2230418
2024-07-12,50.5223,51.520526,50.121382,51.518368,2162623
2024-07-15,51.362333,51.501116,50.975852,51.12553,2087789
2024-07-16,50.893347,51.144677,49.742109,50.264907,1105899
2024-07-17,50.429654,53.28318,49.885428,52.975792,1485225
2024-07-18,52.634155,54.150689,51.797755,51.898933,2117735
2024-07-19,52.18769,52.98678,50.82171,50.900164,1632073
2024-07-22,51.090273,51.139041,50.350484,50.745599,1659301
2024-07-23,50.741696,51.055162,50.492898,50.899391,1605248
2024-07-24,51.495107,52.123779,50.519948,51.148193,1578162
2024-07-25,51.405798,51.802196,50.098029,50.735909,2054633
2024-07-26,50.625174,52.224403,50.398618,51.287155,3063112
2024-07-29,51.227291,53.832508,50.95327,53.003477,2369838
2024-07-30,53.371972,53.440612,51.893288,52.350319,2758797
2024-07-31,52.10947,52.56332,50.930067,52.458322,1401919
2024-08-01,52.13108,54.171164,52.121409,53.930204,3526056
2024-08-02,54.194581,54.547045,52.13762,52.572341,2406842
2024-08-05,52.805087,53.042388,50.986031,51.459918,1429977
2024-08-06,51.237349,51.979733,50.412204,50.858228,1797979
2024-08-07,51.444363,51.675281,49.71165,50.796056,2641323
2024-08-08,50.677595,51.927591,50.313735,51.715611,1695963
2024-08-09,52.03989,52.529954,49.558477,49.834451,1493467
2024-08-12,49.98193,50.890755,49.08614,49.389064,1381471
2024-08-13,49.158355,49.393999,47.629682,48.300123,1912470
2024-08-14,48.274205,49.044144,46.45494,46.869748,2766291
2024-08-15,46.195043,46.497524,45.702748,45.81742,1887920
2024-08-16,46.094682,46.936434,45.902426,46.654728,1784166
2024-08-19,46.682234,47.807933,46.500556,46.592448,2806425
2024-08-20,46.867501,47.118255,46.362536,46.720312,1936851
2024-08-21,46.497026,47.919056,46.129517,47.265253,2153866
2024-08-22,47.220984,48.326931,46.702134,47.577314,1729644
2024-08-23,47.196548,48.890487,46.542857,47.918834,1145227
2024-08-26,47.717151,50.119368,47.451789,49.752675,2259610
2024-08-27,49.990519,51.09569,49.601343,50.127353,1607403
2024-08-28,50.292539,50.420701,47.128057,47.300784,2935927
2024-08-29,47.687287,48.384922,46.475276,48.245009,1397562
2024-08-30,48.558123,49.580387,47.985769,49.039737,1350001
2024-09-02,49.096036,49.779933,48.55354,49.390056,2701989
2024-09-03,48.662593,49.321528,48.113161,48.69541,2396346
2024-09-04,49.124588,49.414509,47.692453,47.737943,1686496
2024-09-05,47.808393,48.05018,47.722985,47.891962,1621673
2024-09-06,48.813127,49.365974,47.967786,48.511571,1591385
2024-09-09,49.066758,49.645593,48.597004,49.262621,2439579
2024-09-10,49.462839,50.186861,46.516796,47.279098,2251805
2024-09-11,47.358202,49.006768,47.020591,47.869392,2824689
2024-09-12,47.79759,49.103906,47.440315,49.027909,1935739
2024-09-13,48.724829,50.618258,48.207226,49.601802,1830115
2024-09-16,49.430043,53.00625,49.165369,52.158483,1550153
2024-09-17,52.154683,52.304515,50.770525,50.98991,1651896
2024-09-18,50.677194,51.442191,49.818462,49.862205,2166907
2024-09-19,49.784029,51.477367,49.372496,50.917381,1460263
2024-09-20,51.254879,53.254554,50.882943,52.326965,1443040
2024-09-23,52.026507,53.359296,50.776488,51.000338,2151195
2024-09-24,50.943841,51.682398,50.835087,51.211934,1864668
2024-09-25,51.12999,52.07235,50.65632,51.397691,1784099
2024-09-26,51.448435,51.945076,50.956306,51.782257,1689342
2024-09-27,51.501276,53.200298,51.341462,53.050531,1514943
2024-09-30,52.920668,56.151214,52.282155,55.448165,1772441
